d_um,T_5MHz,d_over_lam_5MHz,T_10MHz,d_over_lam_10MHz,T_20MHz,d_over_lam_20MHz,T_50MHz,d_over_lam_50MHz
0.1000,0.82642415,0.000333,0.82606211,0.000667,0.82461712,0.001333,0.81464345,0.003333
0.3002,0.82545796,0.001001,0.82221438,0.002001,0.80949350,0.004003,0.73048202,0.010007
0.5004,0.82353192,0.001668,0.81462464,0.003336,0.78086021,0.006672,0.60573300,0.016680
0.7006,0.82065959,0.002335,0.80350083,0.004671,0.74154887,0.009341,0.48277711,0.023353
0.9008,0.81686099,0.003003,0.78913724,0.006005,0.69495915,0.012011,0.38060808,0.030027
1.1010,0.81216229,0.003670,0.77189582,0.007340,0.64443314,0.014680,0.30165362,0.036700
1.3012,0.80659532,0.004337,0.75218479,0.008675,0.59281902,0.017349,0.24215575,0.043373
1.5014,0.80019712,0.005005,0.73043674,0.010009,0.54227177,0.020019,0.19742599,0.050047
1.7016,0.79300924,0.005672,0.70708821,0.011344,0.49424467,0.022688,0.16352343,0.056720
1.9018,0.78507721,0.006339,0.68256213,0.012679,0.44959162,0.025357,0.13750203,0.063393
2.1020,0.77644975,0.007007,0.65725400,0.014013,0.40871015,0.028027,0.11724813,0.070067
2.3022,0.76717815,0.007674,0.63152205,0.015348,0.37168062,0.030696,0.10126168,0.076740
2.5024,0.75731556,0.008341,0.60568135,0.016683,0.33838116,0.033365,0.08847517,0.083413
2.7026,0.74691629,0.009009,0.58000119,0.018017,0.30857342,0.036035,0.07812197,0.090087
2.9028,0.73603518,0.009676,0.55470529,0.019352,0.28196191,0.038704,0.06964493,0.096760
3.1030,0.72472702,0.010343,0.52997397,0.020687,0.25823254,0.041373,0.06263385,0.103434
3.3032,0.71304595,0.011011,0.50594771,0.022021,0.23707614,0.044043,0.05678275,0.110107
3.5034,0.70104500,0.011678,0.48273149,0.023356,0.21820168,0.046712,0.05186048,0.116780
3.7036,0.68877564,0.012345,0.46039945,0.024691,0.20134279,0.049381,0.04769028,0.123454
3.9038,0.67628743,0.013013,0.43899962,0.026025,0.18626011,0.052051,0.04413547,0.130127
4.1040,0.66362768,0.013680,0.41855831,0.027360,0.17274111,0.054720,0.04108924,0.136800
4.3042,0.65084125,0.014347,0.39908421,0.028695,0.16059865,0.057389,0.03846729,0.143474
4.5044,0.63797031,0.015015,0.38057197,0.030029,0.14966875,0.060059,0.03620255,0.150147
4.7046,0.62505429,0.015682,0.36300536,0.031364,0.13980821,0.062728,0.03424117,0.156820
4.9048,0.61212974,0.016349,0.34635991,0.032699,0.13089220,0.065397,0.03253967,0.163494
5.1050,0.59923030,0.017017,0.33060513,0.034033,0.12281195,0.068067,0.03106269,0.170167
5.3052,0.58638677,0.017684,0.31570637,0.035368,0.11547269,0.070736,0.02978135,0.176840
5.5054,0.57362706,0.018351,0.30162623,0.036703,0.10879178,0.073405,0.02867195,0.183514
5.7056,0.56097636,0.019019,0.28832580,0.038037,0.10269706,0.076075,0.02771501,0.190187
5.9058,0.54845716,0.019686,0.27576555,0.039372,0.09712548,0.078744,0.02689452,0.196860
6.1060,0.53608940,0.020353,0.26390606,0.040707,0.09202181,0.081413,0.02619731,0.203534
6.3062,0.52389058,0.021021,0.25270852,0.042041,0.08733757,0.084083,0.02561261,0.210207
6.5064,0.51187591,0.021688,0.24213518,0.043376,0.08303019,0.086752,0.02513170,0.216880
6.7066,0.50005847,0.022355,0.23214959,0.044711,0.07906213,0.089422,0.02474759,0.223554
6.9068,0.48844931,0.023023,0.22271679,0.046045,0.07540028,0.092091,0.02445485,0.230227
7.1070,0.47705765,0.023690,0.21380348,0.047380,0.07201534,0.094760,0.02424941,0.236900
7.3072,0.46589101,0.024357,0.20537801,0.048715,0.06888134,0.097430,0.02412845,0.243574
7.5074,0.45495532,0.025025,0.19741048,0.050049,0.06597522,0.100099,0.02409033,0.250247
7.7076,0.44425512,0.025692,0.18987266,0.051384,0.06327643,0.102768,0.02413455,0.256921
7.9078,0.43379365,0.026359,0.18273802,0.052719,0.06076666,0.105438,0.02426170,0.263594
8.1080,0.42357298,0.027027,0.17598162,0.054053,0.05842955,0.108107,0.02447350,0.270267
8.3082,0.41359417,0.027694,0.16958011,0.055388,0.05625044,0.110776,0.02477285,0.276941
8.5084,0.40385733,0.028361,0.16351160,0.056723,0.05421617,0.113446,0.02516393,0.283614
8.7086,0.39436175,0.029029,0.15775562,0.058057,0.05231492,0.116115,0.02565227,0.290287
8.9088,0.38510601,0.029696,0.15229304,0.059392,0.05053605,0.118784,0.02624498,0.296961
9.1090,0.37608804,0.030363,0.14710600,0.060727,0.04886995,0.121454,0.02695092,0.303634
9.3092,0.36730524,0.031031,0.14217781,0.062061,0.04730794,0.124123,0.02778104,0.310307
9.5094,0.35875452,0.031698,0.13749288,0.063396,0.04584217,0.126792,0.02874868,0.316981
9.7096,0.35043238,0.032365,0.13303668,0.064731,0.04446550,0.129462,0.02987010,0.323654
9.9098,0.34233501,0.033033,0.12879564,0.066065,0.04317148,0.132131,0.03116507,0.330327
10.1100,0.33445828,0.033700,0.12475710,0.067400,0.04195421,0.134800,0.03265762,0.337001
10.3102,0.32679783,0.034367,0.12090921,0.068735,0.04080834,0.137470,0.03437707,0.343674
10.5104,0.31934914,0.035035,0.11724096,0.070069,0.03972899,0.140139,0.03635931,0.350347
10.7106,0.31210751,0.035702,0.11374202,0.071404,0.03871168,0.142808,0.03864852,0.357021
10.9108,0.30506815,0.036369,0.11040276,0.072739,0.03775234,0.145478,0.04129941,0.363694
11.1110,0.29822619,0.037037,0.10721419,0.074073,0.03684723,0.148147,0.04438019,0.370367
11.3112,0.29157669,0.037704,0.10416789,0.075408,0.03599293,0.150816,0.04797660,0.377041
11.5114,0.28511470,0.038371,0.10125598,0.076743,0.03518628,0.153486,0.05219740,0.383714
11.7116,0.27883529,0.039039,0.09847112,0.078077,0.03442441,0.156155,0.05718184,0.390387
11.9118,0.27273350,0.039706,0.09580639,0.079412,0.03370466,0.158824,0.06311016,0.397061
12.1120,0.26680445,0.040373,0.09325537,0.080747,0.03302458,0.161494,0.07021825,0.403734
12.3122,0.26104327,0.041041,0.09081199,0.082081,0.03238193,0.164163,0.07881869,0.410407
12.5124,0.25544517,0.041708,0.08847058,0.083416,0.03177462,0.166832,0.08933088,0.417081
12.7126,0.25000544,0.042375,0.08622585,0.084751,0.03120074,0.169502,0.10232507,0.423754
12.9128,0.24471941,0.043043,0.08407278,0.086086,0.03065852,0.172171,0.11858659,0.430428
13.1130,0.23958254,0.043710,0.08200672,0.087420,0.03014634,0.174840,0.13920993,0.437101
13.3132,0.23459036,0.044377,0.08002324,0.088755,0.02966267,0.177510,0.16573376,0.443774
13.5134,0.22973850,0.045045,0.07811824,0.090090,0.02920613,0.180179,0.20032568,0.450448
13.7136,0.22502269,0.045712,0.07628780,0.091424,0.02877542,0.182848,0.24600181,0.457121
13.9138,0.22043876,0.046379,0.07452829,0.092759,0.02836935,0.185518,0.30677607,0.463794
14.1140,0.21598266,0.047047,0.07283626,0.094094,0.02798682,0.188187,0.38735384,0.470468
14.3142,0.21165043,0.047714,0.07120847,0.095428,0.02762680,0.190856,0.49127660,0.477141
14.5144,0.20743823,0.048381,0.06964186,0.096763,0.02728835,0.193526,0.61529834,0.483814
14.7146,0.20334230,0.049049,0.06813355,0.098098,0.02697059,0.196195,0.73874534,0.490488
14.9148,0.19935903,0.049716,0.06668083,0.099432,0.02667273,0.198864,0.81787699,0.497161
15.1150,0.19548489,0.050383,0.06528114,0.100767,0.02639401,0.201534,0.81087068,0.503834
15.3152,0.19171645,0.051051,0.06393206,0.102102,0.02613375,0.204203,0.72188314,0.510508
15.5154,0.18805039,0.051718,0.06263130,0.103436,0.02589131,0.206872,0.59606132,0.517181
15.7156,0.18448351,0.052385,0.06137669,0.104771,0.02566612,0.209542,0.47428677,0.523854
15.9158,0.18101268,0.053053,0.06016620,0.106106,0.02545764,0.212211,0.37390360,0.530528
16.1160,0.17763490,0.053720,0.05899790,0.107440,0.02526539,0.214880,0.29657110,0.537201
16.3162,0.17434723,0.054387,0.05786994,0.108775,0.02508891,0.217550,0.23833998,0.543874
16.5164,0.17114686,0.055055,0.05678061,0.110110,0.02492780,0.220219,0.19454724,0.550548
16.7166,0.16803105,0.055722,0.05572826,0.111444,0.02478171,0.222888,0.16132696,0.557221
16.9168,0.16499715,0.056389,0.05471132,0.112779,0.02465029,0.225558,0.13580304,0.563894
17.1170,0.16204261,0.057057,0.05372834,0.114114,0.02453326,0.228227,0.11591527,0.570568
17.3172,0.15916496,0.057724,0.05277790,0.115448,0.02443036,0.230896,0.10020170,0.577241
17.5174,0.15636180,0.058391,0.05185867,0.116783,0.02434136,0.233566,0.08762142,0.583914
17.7176,0.15363083,0.059059,0.05096940,0.118118,0.02426606,0.236235,0.07742628,0.590588
17.9178,0.15096981,0.059726,0.05010888,0.119452,0.02420430,0.238904,0.06907202,0.597261
18.1180,0.14837658,0.060393,0.04927598,0.120787,0.02415595,0.241574,0.06215757,0.603935
18.3182,0.14584906,0.061061,0.04846961,0.122122,0.02412090,0.244243,0.05638345,0.610608
18.5184,0.14338524,0.061728,0.04768874,0.123456,0.02409908,0.246912,0.05152320,0.617281
18.7186,0.14098317,0.062395,0.04693239,0.124791,0.02409044,0.249582,0.04740352,0.623955
18.9188,0.13864096,0.063063,0.04619963,0.126126,0.02409496,0.252251,0.04389029,0.630628
19.1190,0.13635680,0.063730,0.04548956,0.127460,0.02411265,0.254921,0.04087859,0.637301
19.3192,0.13412895,0.064397,0.04480134,0.128795,0.02414354,0.257590,0.03828561,0.643975
19.5194,0.13195569,0.065065,0.04413416,0.130130,0.02418772,0.260259,0.03604536,0.650648
19.7196,0.12983539,0.065732,0.04348725,0.131464,0.02424526,0.262929,0.03410489,0.657321
19.9198,0.12776648,0.066399,0.04285987,0.132799,0.02431630,0.265598,0.03242139,0.663995
20.1200,0.12574741,0.067067,0.04225133,0.134134,0.02440099,0.268267,0.03096003,0.670668
20.3202,0.12377672,0.067734,0.04166096,0.135468,0.02449951,0.270937,0.02969236,0.677341
20.5204,0.12185297,0.068401,0.04108811,0.136803,0.02461209,0.273606,0.02859503,0.684015
20.7206,0.11997480,0.069069,0.04053217,0.138138,0.02473897,0.276275,0.02764885,0.690688
20.9208,0.11814085,0.069736,0.03999257,0.139472,0.02488043,0.278945,0.02683804,0.697361
21.1210,0.11634985,0.070403,0.03946875,0.140807,0.02503680,0.281614,0.02614963,0.704035
21.3212,0.11460055,0.071071,0.03896017,0.142142,0.02520842,0.284283,0.02557300,0.710708
21.5214,0.11289175,0.071738,0.03846632,0.143476,0.02539568,0.286953,0.02509958,0.717381
21.7216,0.11122228,0.072405,0.03798671,0.144811,0.02559903,0.289622,0.02472250,0.724055
21.9218,0.10959102,0.073073,0.03752089,0.146146,0.02581893,0.292291,0.02443644,0.730728
22.1220,0.10799689,0.073740,0.03706839,0.147480,0.02605590,0.294961,0.02423742,0.737401
22.3222,0.10643882,0.074407,0.03662880,0.148815,0.02631051,0.297630,0.02412272,0.744075
22.5224,0.10491581,0.075075,0.03620171,0.150150,0.02658338,0.300299,0.02409079,0.750748
22.7226,0.10342687,0.075742,0.03578671,0.151484,0.02687517,0.302969,0.02414120,0.757422
22.9228,0.10197105,0.076409,0.03538344,0.152819,0.02718660,0.305638,0.02427463,0.764095
23.1230,0.10054743,0.077077,0.03499153,0.154154,0.02751848,0.308307,0.02449289,0.770768
23.3232,0.09915512,0.077744,0.03461064,0.155488,0.02787164,0.310977,0.02479897,0.777442
23.5234,0.09779326,0.078411,0.03424044,0.156823,0.02824702,0.313646,0.02519713,0.784115
23.7236,0.09646101,0.079079,0.03388061,0.158158,0.02864560,0.316315,0.02569304,0.790788
23.9238,0.09515758,0.079746,0.03353084,0.159492,0.02906846,0.318985,0.02629392,0.797462
24.1240,0.09388217,0.080413,0.03319084,0.160827,0.02951677,0.321654,0.02700878,0.804135
24.3242,0.09263404,0.081081,0.03286033,0.162162,0.02999180,0.324323,0.02784872,0.810808
24.5244,0.09141245,0.081748,0.03253904,0.163496,0.03049489,0.326993,0.02882731,0.817482
24.7246,0.09021670,0.082415,0.03222671,0.164831,0.03102753,0.329662,0.02996103,0.824155
24.9248,0.08904609,0.083083,0.03192309,0.166166,0.03159130,0.332331,0.03126993,0.830828
25.1251,0.08789997,0.083750,0.03162794,0.167500,0.03218794,0.335001,0.03277843,0.837502
25.3253,0.08677769,0.084418,0.03134103,0.168835,0.03281931,0.337670,0.03451626,0.844175
25.5255,0.08567863,0.085085,0.03106214,0.170170,0.03348742,0.340339,0.03651990,0.850848
25.7257,0.08460218,0.085752,0.03079107,0.171504,0.03419449,0.343009,0.03883422,0.857522
25.9259,0.08354776,0.086420,0.03052759,0.172839,0.03494289,0.345678,0.04151483,0.864195
26.1261,0.08251481,0.087087,0.03027152,0.174174,0.03573521,0.348347,0.04463109,0.870868
26.3263,0.08150277,0.087754,0.03002268,0.175508,0.03657425,0.351017,0.04827027,0.877542
26.5265,0.08051111,0.088422,0.02978087,0.176843,0.03746309,0.353686,0.05254313,0.884215
26.7267,0.07953931,0.089089,0.02954593,0.178178,0.03840505,0.356355,0.05759158,0.890888
26.9269,0.07858688,0.089756,0.02931768,0.179512,0.03940378,0.359025,0.06359947,0.897562
27.1271,0.07765332,0.090424,0.02909597,0.180847,0.04046323,0.361694,0.07080763,0.904235
27.3273,0.07673817,0.091091,0.02888063,0.182182,0.04158775,0.364363,0.07953546,0.910908
27.5275,0.07584097,0.091758,0.02867153,0.183516,0.04278210,0.367033,0.09021196,0.917582
27.7277,0.07496128,0.092426,0.02846852,0.184851,0.04405146,0.369702,0.10342097,0.924255
27.9279,0.07409866,0.093093,0.02827145,0.186186,0.04540157,0.372371,0.11996737,0.930929
28.1281,0.07325270,0.093760,0.02808021,0.187520,0.04683869,0.375041,0.14097367,0.937602
28.3283,0.07242300,0.094428,0.02789465,0.188855,0.04836974,0.377710,0.16801874,0.944275
28.5285,0.07160916,0.095095,0.02771466,0.190190,0.05000233,0.380379,0.20332613,0.950949
28.7287,0.07081080,0.095762,0.02754011,0.191524,0.05174489,0.383049,0.24998397,0.957622
28.9289,0.07002754,0.096430,0.02737090,0.192859,0.05360670,0.385718,0.31207893,0.964295
29.1291,0.06925904,0.097097,0.02720692,0.194194,0.05559807,0.388387,0.39432422,0.970969
29.3293,0.06850494,0.097764,0.02704806,0.195528,0.05773046,0.391057,0.50001156,0.977642
29.5295,0.06776490,0.098432,0.02689422,0.196863,0.06001656,0.393726,0.62500254,0.984315
29.7297,0.06703858,0.099099,0.02674530,0.198198,0.06247056,0.396395,0.74687364,0.990989
29.9299,0.06632568,0.099766,0.02660121,0.199532,0.06510825,0.399065,0.82064621,0.997662
30.1301,0.06562588,0.100434,0.02646186,0.200867,0.06794732,0.401734,0.80661331,1.004335
30.3303,0.06493888,0.101101,0.02632717,0.202202,0.07100756,0.404403,0.71308153,1.011009
30.5305,0.06426438,0.101768,0.02619705,0.203536,0.07431123,0.407073,0.58642522,1.017682
30.7307,0.06360210,0.102436,0.02607143,0.204871,0.07788334,0.409742,0.46592420,1.024355
30.9309,0.06295175,0.103103,0.02595022,0.206206,0.08175208,0.412411,0.36733127,1.031029
31.1311,0.06231308,0.103770,0.02583336,0.207540,0.08594934,0.415081,0.29159637,1.037702
31.3313,0.06168582,0.104438,0.02572078,0.208875,0.09051117,0.417750,0.23460514,1.044375
31.5315,0.06106970,0.105105,0.02561240,0.210210,0.09547851,0.420420,0.19172761,1.051049
31.7317,0.06046450,0.105772,0.02550817,0.211544,0.10089788,0.423089,0.15917349,1.057722
31.9319,0.05986995,0.106440,0.02540803,0.212879,0.10682230,0.425758,0.13413555,1.064395
32.1321,0.05928583,0.107107,0.02531191,0.214214,0.11331224,0.428428,0.11460574,1.071069
32.3323,0.05871191,0.107774,0.02521976,0.215548,0.12043687,0.431097,0.09915925,1.077742
32.5325,0.05814797,0.108442,0.02513153,0.216883,0.12827537,0.433766,0.08678102,1.084415
32.7327,0.05759378,0.109109,0.02504716,0.218218,0.13691852,0.436436,0.07674089,1.091089
32.9329,0.05704914,0.109776,0.02496662,0.219552,0.14647049,0.439105,0.06850718,1.097762
33.1331,0.05651385,0.110444,0.02488985,0.220887,0.15705086,0.441774,0.06168768,1.104436
33.3333,0.05598770,0.111111,0.02481681,0.222222,0.16879680,0.444444,0.05598927,1.111109
33.5335,0.05547051,0.111778,0.02474746,0.223556,0.18186551,0.447113,0.05119008,1.117782
33.7337,0.05496207,0.112446,0.02468176,0.224891,0.19643664,0.449782,0.04712017,1.124456
33.9339,0.05446220,0.113113,0.02461967,0.226226,0.21271456,0.452452,0.04364792,1.131129
34.1341,0.05397074,0.113780,0.02456116,0.227560,0.23093011,0.455121,0.04067030,1.137802
34.3343,0.05348749,0.114448,0.02450620,0.228895,0.25134132,0.457790,0.03810590,1.144476
34.5345,0.05301229,0.115115,0.02445475,0.230230,0.27423195,0.460460,0.03588986,1.151149
34.7347,0.05254498,0.115782,0.02440679,0.231564,0.29990654,0.463129,0.03397006,1.157822
34.9349,0.05208539,0.116450,0.02436229,0.232899,0.32867959,0.465798,0.03230435,1.164496
35.1351,0.05163337,0.117117,0.02432124,0.234234,0.36085575,0.468468,0.03085845,1.171169
35.3353,0.05118876,0.117784,0.02428359,0.235568,0.39669657,0.471137,0.02960432,1.177842
35.5355,0.05075140,0.118452,0.02424934,0.236903,0.43636828,0.473806,0.02851896,1.184516
35.7357,0.05032117,0.119119,0.02421847,0.238238,0.47986488,0.476476,0.02758346,1.191189
35.9359,0.04989790,0.119786,0.02419095,0.239572,0.52690228,0.479145,0.02678226,1.197862
36.1361,0.04948147,0.120454,0.02416678,0.240907,0.57678540,0.481814,0.02610257,1.204536
36.3363,0.04907174,0.121121,0.02414594,0.242242,0.62826284,0.484484,0.02553397,1.211209
36.5365,0.04866857,0.121788,0.02412842,0.243576,0.67940541,0.487153,0.02506800,1.217882
36.7367,0.04827185,0.122456,0.02411420,0.244911,0.72757113,0.489822,0.02469792,1.224556
36.9369,0.04788143,0.123123,0.02410330,0.246246,0.76953704,0.492492,0.02441851,1.231229
37.1371,0.04749720,0.123790,0.02409568,0.247580,0.80186083,0.495161,0.02422591,1.237902
37.3373,0.04711905,0.124458,0.02409136,0.248915,0.82145996,0.497830,0.02411746,1.244576
37.5375,0.04674684,0.125125,0.02409034,0.250250,0.82627362,0.500500,0.02409172,1.251249
37.7377,0.04638048,0.125792,0.02409260,0.251585,0.81577291,0.503169,0.02414832,1.257923
37.9379,0.04601984,0.126460,0.02409815,0.252919,0.79109997,0.505838,0.02428804,1.264596
38.1381,0.04566482,0.127127,0.02410699,0.254254,0.75477163,0.508508,0.02451277,1.271269
38.3383,0.04531531,0.127794,0.02411914,0.255589,0.71008261,0.511177,0.02482560,1.277943
38.5385,0.04497122,0.128462,0.02413459,0.256923,0.66045084,0.513846,0.02523089,1.284616
38.7387,0.04463243,0.129129,0.02415335,0.258258,0.60891097,0.516516,0.02573441,1.291289
38.9389,0.04429886,0.129796,0.02417544,0.259593,0.55784284,0.519185,0.02634351,1.297963
39.1391,0.04397040,0.130464,0.02420086,0.260927,0.50891151,0.521854,0.02706735,1.304636
39.3393,0.04364695,0.131131,0.02422963,0.262262,0.46314349,0.524524,0.02791719,1.311309
39.5395,0.04332844,0.131798,0.02426177,0.263597,0.42106312,0.527193,0.02890681,1.317983
39.7397,0.04301477,0.132466,0.02429729,0.264931,0.38283613,0.529862,0.03005293,1.324656
39.9399,0.04270584,0.133133,0.02433621,0.266266,0.34839325,0.532532,0.03137592,1.331329
40.1401,0.04240159,0.133800,0.02437855,0.267601,0.31752498,0.535201,0.03290052,1.338003
40.3403,0.04210191,0.134468,0.02442434,0.268935,0.28994869,0.537870,0.03465696,1.344676
40.5405,0.04180674,0.135135,0.02447360,0.270270,0.26535296,0.540540,0.03668224,1.351349
40.7407,0.04151598,0.135802,0.02452636,0.271605,0.24342527,0.543209,0.03902198,1.358023
40.9409,0.04122957,0.136470,0.02458265,0.272939,0.22386797,0.545878,0.04173269,1.364696
41.1411,0.04094742,0.137137,0.02464249,0.274274,0.20640659,0.548548,0.04488492,1.371369
41.3413,0.04066947,0.137804,0.02470593,0.275609,0.19079323,0.551217,0.04856750,1.378043
41.5415,0.04039563,0.138472,0.02477299,0.276943,0.17680713,0.553886,0.05289321,1.384716
41.7417,0.04012584,0.139139,0.02484372,0.278278,0.16425341,0.556556,0.05800670,1.391389
41.9419,0.03986003,0.139806,0.02491815,0.279613,0.15296111,0.559225,0.06409551,1.398063
42.1421,0.03959813,0.140474,0.02499633,0.280947,0.14278082,0.561894,0.07140552,1.404736
42.3423,0.03934007,0.141141,0.02507830,0.282282,0.13358222,0.564564,0.08026314,1.411409
42.5425,0.03908579,0.141808,0.02516410,0.283617,0.12525175,0.567233,0.09110721,1.418083
42.7427,0.03883522,0.142476,0.02525379,0.284951,0.11769048,0.569902,0.10453555,1.424756
42.9429,0.03858830,0.143143,0.02534742,0.286286,0.11081216,0.572572,0.12137306,1.431430
43.1431,0.03834498,0.143810,0.02544504,0.287621,0.10454154,0.575241,0.14277114,1.438103
43.3433,0.03810519,0.144478,0.02554671,0.288955,0.09881286,0.577910,0.17034988,1.444776
43.5435,0.03786887,0.145145,0.02565249,0.290290,0.09356855,0.580580,0.20639007,1.451450
43.7437,0.03763596,0.145812,0.02576243,0.291625,0.08875815,0.583249,0.25405275,1.458123
43.9439,0.03740642,0.146480,0.02587661,0.292959,0.08433733,0.585919,0.31749578,1.464796
44.1441,0.03718018,0.147147,0.02599509,0.294294,0.08026705,0.588588,0.40142978,1.471470
44.3443,0.03695719,0.147814,0.02611794,0.295629,0.07651288,0.591257,0.50886399,1.478143
44.5445,0.03673740,0.148482,0.02624524,0.296963,0.07304440,0.593927,0.63470206,1.484816
44.7447,0.03652076,0.149149,0.02637706,0.298298,0.06983463,0.596596,0.75473049,1.491490
44.9449,0.03630722,0.149816,0.02651348,0.299633,0.06685965,0.599265,0.82289330,1.498163
45.1451,0.03609673,0.150484,0.02665459,0.300967,0.06409817,0.601935,0.80188726,1.504836
45.3453,0.03588924,0.151151,0.02680048,0.302302,0.06153122,0.604604,0.70409958,1.511510
45.5455,0.03568471,0.151818,0.02695123,0.303637,0.05914184,0.607273,0.57683639,1.518183
45.7457,0.03548308,0.152486,0.02710694,0.304971,0.05691486,0.609943,0.45769182,1.524856
45.9459,0.03528431,0.153153,0.02726771,0.306306,0.05483668,0.612612,0.36088975,1.531530
46.1461,0.03508837,0.153820,0.02743363,0.307641,0.05289508,0.615281,0.28672734,1.538203
46.3463,0.03489519,0.154488,0.02760483,0.308975,0.05107907,0.617951,0.23094940,1.544876
46.5465,0.03470476,0.155155,0.02778140,0.310310,0.04937873,0.620620,0.18896569,1.551550
46.7467,0.03451701,0.155822,0.02796346,0.311645,0.04778509,0.623289,0.15706201,1.558223
46.9469,0.03433192,0.156490,0.02815113,0.312979,0.04629006,0.625959,0.13249884,1.564896
47.1471,0.03414943,0.157157,0.02834454,0.314314,0.04488628,0.628628,0.11331905,1.571570
47.3473,0.03396952,0.157824,0.02854382,0.315649,0.04356711,0.631297,0.09813396,1.578243
47.5475,0.03379215,0.158492,0.02874909,0.316983,0.04232647,0.633967,0.08595371,1.584916
47.7477,0.03361727,0.159159,0.02896051,0.318318,0.04115885,0.636636,0.07606562,1.591590
47.9479,0.03344485,0.159826,0.02917822,0.319653,0.04005922,0.639305,0.06795026,1.598263
48.1481,0.03327486,0.160494,0.02940236,0.320987,0.03902299,0.641975,0.06122408,1.604937
48.3483,0.03310725,0.161161,0.02963309,0.322322,0.03804596,0.644644,0.05560014,1.611610
48.5485,0.03294200,0.161828,0.02987058,0.323657,0.03712430,0.647313,0.05086105,1.618283
48.7487,0.03277907,0.162496,0.03011501,0.324991,0.03625448,0.649983,0.04684018,1.624957
48.9489,0.03261843,0.163163,0.03036653,0.326326,0.03543327,0.652652,0.04340833,1.631630
49.1491,0.03246005,0.163830,0.03062535,0.327661,0.03465771,0.655321,0.04046432,1.638303
49.3493,0.03230389,0.164498,0.03089165,0.328995,0.03392508,0.657991,0.03792815,1.644977
49.5495,0.03214992,0.165165,0.03116563,0.330330,0.03323286,0.660660,0.03573602,1.651650
49.7497,0.03199811,0.165832,0.03144749,0.331665,0.03257875,0.663329,0.03383665,1.658323
49.9499,0.03184844,0.166500,0.03173746,0.332999,0.03196061,0.665999,0.03218855,1.664997
50.1501,0.03170087,0.167167,0.03203575,0.334334,0.03137649,0.668668,0.03075795,1.671670
50.3503,0.03155538,0.167834,0.03234260,0.335669,0.03082456,0.671337,0.02951724,1.678343
50.5505,0.03141193,0.168502,0.03265826,0.337003,0.03030317,0.674007,0.02844374,1.685017
50.7507,0.03127050,0.169169,0.03298297,0.338338,0.02981075,0.676676,0.02751882,1.691690
50.9509,0.03113106,0.169836,0.03331700,0.339673,0.02934588,0.679345,0.02672715,1.698363
51.1511,0.03099358,0.170504,0.03366063,0.341007,0.02890723,0.682015,0.02605615,1.705037
51.3513,0.03085805,0.171171,0.03401413,0.342342,0.02849359,0.684684,0.02549552,1.711710
51.5515,0.03072443,0.171838,0.03437781,0.343677,0.02810382,0.687353,0.02503696,1.718383
51.7517,0.03059269,0.172506,0.03475197,0.345011,0.02773688,0.690023,0.02467385,1.725057
51.9519,0.03046282,0.173173,0.03513694,0.346346,0.02739179,0.692692,0.02440108,1.731730
52.1521,0.03033479,0.173840,0.03553306,0.347681,0.02706766,0.695361,0.02421487,1.738403
52.3523,0.03020858,0.174508,0.03594068,0.349015,0.02676367,0.698031,0.02411267,1.745077
52.5525,0.03008416,0.175175,0.03636016,0.350350,0.02647904,0.700700,0.02409311,1.751750
52.7527,0.02996151,0.175842,0.03679189,0.351685,0.02621309,0.703369,0.02415591,1.758424
52.9529,0.02984061,0.176510,0.03723626,0.353019,0.02596515,0.706039,0.02430193,1.765097
53.1531,0.02972144,0.177177,0.03769370,0.354354,0.02573463,0.708708,0.02453315,1.771770
53.3533,0.02960397,0.177844,0.03816463,0.355689,0.02552099,0.711377,0.02485276,1.778444
53.5535,0.02948819,0.178512,0.03864951,0.357023,0.02532372,0.714047,0.02526520,1.785117
53.7537,0.02937407,0.179179,0.03914882,0.358358,0.02514235,0.716716,0.02577637,1.791790
53.9539,0.02926159,0.179846,0.03966304,0.359693,0.02497649,0.719385,0.02639374,1.798464
54.1541,0.02915074,0.180514,0.04019271,0.361027,0.02482575,0.722055,0.02712662,1.805137
54.3543,0.02904149,0.181181,0.04073836,0.362362,0.02468978,0.724724,0.02798645,1.811810
54.5545,0.02893382,0.181848,0.04130055,0.363697,0.02456828,0.727393,0.02898719,1.818484
54.7547,0.02882773,0.182516,0.04187989,0.365031,0.02446100,0.730063,0.03014584,1.825157
54.9549,0.02872318,0.183183,0.04247699,0.366366,0.02436767,0.732732,0.03148304,1.831830
55.1551,0.02862016,0.183850,0.04309250,0.367701,0.02428811,0.735401,0.03302392,1.838504
55.3553,0.02851866,0.184518,0.04372711,0.369035,0.02422214,0.738071,0.03479916,1.845177
55.5555,0.02841865,0.185185,0.04438152,0.370370,0.02416962,0.740740,0.03684635,1.851850
55.7557,0.02832012,0.185852,0.04505648,0.371705,0.02413043,0.743409,0.03921182,1.858524
55.9559,0.02822305,0.186520,0.04575279,0.373039,0.02410448,0.746079,0.04195303,1.865197
56.1561,0.02812743,0.187187,0.04647125,0.374374,0.02409172,0.748748,0.04514174,1.871870
56.3563,0.02803324,0.187854,0.04721274,0.375709,0.02409213,0.751418,0.04886834,1.878544
56.5565,0.02794047,0.188522,0.04797816,0.377043,0.02410571,0.754087,0.05324771,1.885217
56.7567,0.02784909,0.189189,0.04876846,0.378378,0.02413247,0.756756,0.05842729,1.891890
56.9569,0.02775909,0.189856,0.04958464,0.379713,0.02417249,0.759426,0.06459840,1.898564
57.1571,0.02767047,0.190524,0.05042774,0.381047,0.02422585,0.762095,0.07201208,1.905237
57.3573,0.02758320,0.191191,0.05129889,0.382382,0.02429266,0.764764,0.08100194,1.911910
57.5575,0.02749727,0.191858,0.05219923,0.383717,0.02437306,0.767434,0.09201691,1.918584
57.7577,0.02741267,0.192526,0.05312999,0.385051,0.02446725,0.770103,0.10566919,1.925257
57.9579,0.02732938,0.193193,0.05409246,0.386386,0.02457541,0.772772,0.12280425,1.931931
58.1581,0.02724739,0.193860,0.05508798,0.387721,0.02469779,0.775442,0.14460315,1.938604
58.3583,0.02716669,0.194528,0.05611800,0.389055,0.02483467,0.778111,0.17272830,1.945277
58.5585,0.02708726,0.195195,0.05718401,0.390390,0.02498634,0.780780,0.20951902,1.951951
58.7587,0.02700909,0.195862,0.05828761,0.391725,0.02515316,0.783450,0.25821013,1.958624
58.9589,0.02693217,0.196530,0.05943046,0.393059,0.02533549,0.786119,0.32302867,1.965297
59.1591,0.02685649,0.197197,0.06061434,0.394394,0.02553377,0.788788,0.40867117,1.971971
59.3593,0.02678204,0.197864,0.06184111,0.395729,0.02574844,0.791458,0.51782929,1.978644
59.5595,0.02670879,0.198532,0.06311275,0.397063,0.02598002,0.794127,0.64438160,1.985317
59.7597,0.02663675,0.199199,0.06443134,0.398398,0.02622906,0.796796,0.76229267,1.991991
59.9599,0.02656590,0.199866,0.06579910,0.399733,0.02649616,0.799466,0.82460941,1.998664
60.1601,0.02649623,0.200534,0.06721835,0.401067,0.02678196,0.802135,0.79670992,2.005337
60.3603,0.02642772,0.201201,0.06869157,0.402402,0.02708718,0.804804,0.69495915,2.012011
60.5605,0.02636038,0.201868,0.07022138,0.403737,0.02741259,0.807474,0.56730562,2.018684
60.7607,0.02629418,0.202536,0.07181055,0.405071,0.02775900,0.810143,0.44959162,2.025357
60.9609,0.02622913,0.203203,0.07346202,0.406406,0.02812734,0.812812,0.35457760,2.032031
61.1611,0.02616520,0.203870,0.07517893,0.407741,0.02851856,0.815482,0.28196191,2.038704
61.3613,0.02610239,0.204538,0.07696457,0.409075,0.02893372,0.818151,0.22737093,2.045377
61.5615,0.02604069,0.205205,0.07882248,0.410410,0.02937395,0.820820,0.18626011,2.052051
61.7617,0.02598008,0.205872,0.08075640,0.411745,0.02984049,0.823490,0.15499153,2.058724
61.9619,0.02592057,0.206540,0.08277030,0.413079,0.03033467,0.826159,0.13089220,2.065397
62.1621,0.02586214,0.207207,0.08486840,0.414414,0.03085791,0.828828,0.11205468,2.072071
62.3623,0.02580479,0.207874,0.08705522,0.415749,0.03141178,0.831498,0.09712548,2.078744
62.5625,0.02574850,0.208542,0.08933555,0.417084,0.03199796,0.834167,0.08513923,2.085418
62.7627,0.02569326,0.209209,0.09171449,0.418418,0.03261827,0.836836,0.07540028,2.092091
62.9629,0.02563908,0.209876,0.09419748,0.419753,0.03327469,0.839506,0.06740113,2.098764
63.1631,0.02558593,0.210544,0.09679035,0.421088,0.03396934,0.842175,0.06076666,2.105438
63.3633,0.02553382,0.211211,0.09949927,0.422422,0.03470457,0.844844,0.05521597,2.112111
63.5635,0.02548273,0.211878,0.10233086,0.423757,0.03548288,0.847514,0.05053605,2.118784
63.7637,0.02543266,0.212546,0.10529219,0.425092,0.03630701,0.850183,0.04656349,2.125458
63.9639,0.02538360,0.213213,0.10839081,0.426426,0.03717995,0.852852,0.04317148,2.132131
64.1641,0.02533554,0.213880,0.11163478,0.427761,0.03810495,0.855522,0.04026064,2.138804
64.3643,0.02528848,0.214548,0.11503273,0.429096,0.03908553,0.858191,0.03775234,2.145478
64.5645,0.02524240,0.215215,0.11859389,0.430430,0.04012557,0.860860,0.03558383,2.152151
64.7647,0.02519731,0.215882,0.12232815,0.431765,0.04122928,0.863530,0.03370466,2.158824
64.9649,0.02515320,0.216550,0.12624608,0.433100,0.04240128,0.866199,0.03207398,2.165498
65.1651,0.02511005,0.217217,0.13035901,0.434434,0.04364663,0.868868,0.03065852,2.172171
65.3653,0.02506787,0.217884,0.13467906,0.435769,0.04497088,0.871538,0.02943109,2.178844
65.5655,0.02502665,0.218552,0.13921925,0.437104,0.04638011,0.874207,0.02836935,2.185518
65.7657,0.02498638,0.219219,0.14399349,0.438438,0.04788104,0.876876,0.02745493,2.192191
65.9659,0.02494706,0.219886,0.14901671,0.439773,0.04948106,0.879546,0.02667273,2.198864
66.1661,0.02490867,0.220554,0.15430489,0.441108,0.05118831,0.882215,0.02601034,2.205538
66.3663,0.02487122,0.221221,0.15987515,0.442442,0.05301182,0.884884,0.02545764,2.212211
66.5665,0.02483470,0.221888,0.16574582,0.443777,0.05496156,0.887554,0.02500646,2.218884
66.7667,0.02479911,0.222556,0.17193653,0.445112,0.05704860,0.890223,0.02465029,2.225558
66.9669,0.02476443,0.223223,0.17846826,0.446446,0.05928525,0.892892,0.02438413,2.232231
67.1671,0.02473067,0.223890,0.18536345,0.447781,0.06168520,0.895562,0.02420430,2.238904
67.3673,0.02469782,0.224558,0.19264602,0.449116,0.06426371,0.898231,0.02410834,2.245578
67.5675,0.02466588,0.225225,0.20034152,0.450450,0.06703786,0.900900,0.02409496,2.252251
67.7677,0.02463484,0.225892,0.20847709,0.451785,0.07002677,0.903570,0.02416397,2.258925
67.9679,0.02460469,0.226560,0.21708160,0.453120,0.07325186,0.906239,0.02431630,2.265598
68.1681,0.02457544,0.227227,0.22618560,0.454454,0.07673726,0.908908,0.02455403,2.272271
68.3683,0.02454707,0.227894,0.23582136,0.455789,0.08051012,0.911578,0.02488043,2.278945
68.5685,0.02451959,0.228562,0.24602282,0.457124,0.08460112,0.914247,0.02530007,2.285618
68.7687,0.02449299,0.229229,0.25682550,0.458458,0.08904493,0.916916,0.02581893,2.292291
68.9689,0.02446727,0.229896,0.26826637,0.459793,0.09388091,0.919586,0.02644462,2.298965
69.1691,0.02444242,0.230564,0.28038362,0.461128,0.09915374,0.922255,0.02718660,2.305638
69.3693,0.02441844,0.231231,0.29321633,0.462462,0.10491430,0.924925,0.02805649,2.312311
69.5695,0.02439533,0.231898,0.30680405,0.463797,0.11122063,0.927594,0.02906846,2.318985
69.7697,0.02437309,0.232566,0.32118616,0.465132,0.11813904,0.930263,0.03023974,2.325658
69.9699,0.02435170,0.233233,0.33640114,0.466466,0.12574541,0.932933,0.03159130,2.332331
70.1701,0.02433117,0.233900,0.35248549,0.467801,0.13412674,0.935602,0.03314864,2.339005
70.3703,0.02431150,0.234568,0.36947251,0.469136,0.14338281,0.938271,0.03494289,2.345678
70.5705,0.02429267,0.235235,0.38739066,0.470470,0.15362813,0.940941,0.03701225,2.352351
70.7707,0.02427470,0.235902,0.40626162,0.471805,0.16499415,0.943610,0.03940378,2.359025
70.9709,0.02425758,0.236570,0.42609787,0.473140,0.17763156,0.946279,0.04217588,2.365698
71.1711,0.02424130,0.237237,0.44689991,0.474474,0.19171273,0.948949,0.04540157,2.372371
71.3713,0.02422586,0.237904,0.46865288,0.475809,0.20743407,0.951618,0.04917284,2.379045
71.5715,0.02421126,0.238572,0.49132286,0.477144,0.22501804,0.954287,0.05360670,2.385718
71.7717,0.02419751,0.239239,0.51485258,0.478478,0.24471420,0.956957,0.05885345,2.392391
71.9719,0.02418459,0.239906,0.53915689,0.479813,0.26679860,0.959626,0.06510825,2.399065
72.1721,0.02417250,0.240574,0.56411807,0.481148,0.29157012,0.962295,0.07262748,2.405738
72.3723,0.02416125,0.241241,0.58958121,0.482482,0.31934179,0.964965,0.08175208,2.412411
72.5725,0.02415083,0.241908,0.61535009,0.483817,0.35042417,0.967634,0.09294138,2.419085
72.7727,0.02414124,0.242576,0.64118409,0.485152,0.38509686,0.970303,0.10682230,2.425758
72.9729,0.02413248,0.243243,0.66679667,0.486486,0.42356287,0.972973,0.12426150,2.432432
73.1731,0.02412455,0.243910,0.69185614,0.487821,0.46587995,0.975642,0.14647049,2.439105
73.3733,0.02411744,0.244578,0.71598942,0.489156,0.51186398,0.978311,0.17515514,2.445778
73.5735,0.02411116,0.245245,0.73878937,0.490490,0.56096376,0.980981,0.21271456,2.452452
73.7737,0.02410571,0.245912,0.75982615,0.491825,0.61211681,0.983650,0.26245807,2.459125
73.9739,0.02410108,0.246580,0.77866244,0.493160,0.66361494,0.986319,0.32867959,2.465798
74.1741,0.02409728,0.247247,0.79487227,0.494494,0.71303409,0.988989,0.41604881,2.472472
74.3743,0.02409429,0.247914,0.80806218,0.495829,0.75730541,0.991658,0.52690228,2.479145
74.5745,0.02409213,0.248582,0.81789313,0.497164,0.79300167,0.994327,0.65402493,2.485818
74.7747,0.02409080,0.249249,0.82410117,0.498498,0.81685674,0.996997,0.76953704,2.492492
74.9749,0.02409028,0.249916,0.82651459,0.499833,0.82642367,0.999666,0.82578776,2.499165
75.1752,0.02409059,0.250584,0.82506560,0.501168,0.82065959,1.002335,0.79109997,2.505838
75.3754,0.02409172,0.251251,0.81979497,0.502502,0.80019712,1.005005,0.68568156,2.512512
75.5756,0.02409368,0.251919,0.81084924,0.503837,0.76717815,1.007674,0.55784284,2.519185
75.7758,0.02409645,0.252586,0.79847071,0.505172,0.72472702,1.010343,0.44162517,2.525858
75.9760,0.02410005,0.253253,0.78298146,0.506506,0.67628743,1.013013,0.34839325,2.532532
76.1762,0.02410448,0.253921,0.76476337,0.507841,0.62505429,1.015682,0.27729800,2.539205
76.3764,0.02410972,0.254588,0.74423634,0.509176,0.57362706,1.018351,0.22386797,2.545878
76.5766,0.02411579,0.255255,0.72183672,0.510510,0.52389058,1.021021,0.18360954,2.552552
76.7768,0.02412269,0.255923,0.69799780,0.511845,0.47705765,1.023690,0.15296111,2.559225
76.9770,0.02413042,0.256590,0.67313362,0.513180,0.43379365,1.026359,0.12931497,2.565898
77.1772,0.02413897,0.257257,0.64762663,0.514514,0.39436175,1.029029,0.11081216,2.572572
77.3774,0.02414835,0.257925,0.62181936,0.515849,0.35875452,1.031698,0.09613347,2.579245
77.5776,0.02415856,0.258592,0.59600982,0.517184,0.32679783,1.034367,0.08433733,2.585919
77.7778,0.02416961,0.259259,0.57045007,0.518518,0.29822619,1.037037,0.07474469,2.592592
77.9780,0.02418148,0.259927,0.54534720,0.519853,0.27273350,1.039706,0.06685965,2.599265
78.1782,0.02419420,0.260594,0.52086608,0.521188,0.25000544,1.042375,0.06031532,2.605939
78.3784,0.02420774,0.261261,0.49713334,0.522522,0.22973850,1.045045,0.05483668,2.612612
78.5786,0.02422213,0.261929,0.47424183,0.523857,0.21165043,1.047714,0.05021502,2.619285
78.7788,0.02423736,0.262596,0.45225535,0.525192,0.19548489,1.050383,0.04629006,2.625959
78.9790,0.02425342,0.263263,0.43121327,0.526526,0.18101268,1.053053,0.04293733,2.632632
79.1792,0.02427034,0.263931,0.41113484,0.527861,0.16803105,1.055722,0.04005922,2.639305
79.3794,0.02428810,0.264598,0.39202307,0.529196,0.15636180,1.058391,0.03757844,2.645979
79.5796,0.02430671,0.265265,0.37386820,0.530530,0.14584906,1.061061,0.03543327,2.652652
79.7798,0.02432617,0.265933,0.35665060,0.531865,0.13635680,1.063730,0.03357406,2.659325
79.9800,0.02434648,0.266600,0.34034332,0.533200,0.12776648,1.066399,0.03196061,2.665999
80.1802,0.02436765,0.267267,0.32491411,0.534534,0.11997480,1.069069,0.03056015,2.672672
80.3804,0.02438968,0.267935,0.31032713,0.535869,0.11289175,1.071738,0.02934588,2.679345
80.5806,0.02441258,0.268602,0.29654428,0.537204,0.10643882,1.074407,0.02829579,2.686019
80.7808,0.02443634,0.269269,0.28352634,0.538538,0.10054743,1.077077,0.02739179,2.692692
80.9810,0.02446097,0.269937,0.27123374,0.539873,0.09515758,1.079746,0.02661898,2.699365
81.1812,0.02448647,0.270604,0.25962723,0.541208,0.09021670,1.082415,0.02596515,2.706039
81.3814,0.02451285,0.271271,0.24866837,0.542542,0.08567863,1.085085,0.02542033,2.712712
81.5816,0.02454011,0.271939,0.23831985,0.543877,0.08150277,1.087754,0.02497649,2.719385
81.7818,0.02456826,0.272606,0.22854577,0.545212,0.07765332,1.090424,0.02462724,2.726059
81.9820,0.02459729,0.273273,0.21931179,0.546546,0.07409866,1.093093,0.02436767,2.732732
82.1822,0.02462721,0.273941,0.21058522,0.547881,0.07081080,1.095762,0.02419421,2.739405
82.3824,0.02465803,0.274608,0.20233506,0.549216,0.06776490,1.098432,0.02410448,2.746079
82.5826,0.02468975,0.275275,0.19453205,0.550550,0.06493888,1.101101,0.02409727,2.752752
82.7828,0.02472237,0.275943,0.18714860,0.551885,0.06231308,1.103770,0.02417249,2.759426
82.9830,0.02475590,0.276610,0.18015878,0.553220,0.05986995,1.106440,0.02433115,2.766099
83.1832,0.02479035,0.277277,0.17353826,0.554554,0.05759378,1.109109,0.02457541,2.772772
83.3834,0.02482571,0.277945,0.16726423,0.555889,0.05547051,1.111778,0.02490863,2.779446
83.5836,0.02486200,0.278612,0.16131536,0.557224,0.05348749,1.114448,0.02533549,2.786119
83.7838,0.02489921,0.279279,0.15567169,0.558558,0.05163337,1.117117,0.02586209,2.792792
83.9840,0.02493736,0.279947,0.15031458,0.559893,0.04989790,1.119786,0.02649616,2.799466
84.1842,0.02497645,0.280614,0.14522659,0.561228,0.04827185,1.122456,0.02724731,2.806139
84.3844,0.02501648,0.281281,0.14039148,0.562562,0.04674684,1.125125,0.02812734,2.812812
84.5846,0.02505747,0.281949,0.13579407,0.563897,0.04531531,1.127794,0.02915063,2.819486
84.7848,0.02509941,0.282616,0.13142018,0.565232,0.04397040,1.130464,0.03033467,2.826159
84.9850,0.02514231,0.283283,0.12725659,0.566566,0.04270584,1.133133,0.03170072,2.832832
85.1852,0.02518618,0.283951,0.12329095,0.567901,0.04151598,1.135802,0.03327469,2.839506
85.3854,0.02523103,0.284618,0.11951175,0.569236,0.04039563,1.138472,0.03508817,2.846179
85.5856,0.02527685,0.285285,0.11590822,0.570570,0.03934007,1.141141,0.03717995,2.852852
85.7858,0.02532367,0.285953,0.11247032,0.571905,0.03834498,1.143810,0.03959787,2.859526
85.9860,0.02537148,0.286620,0.10918865,0.573240,0.03740642,1.146480,0.04240128,2.866199
86.1862,0.02542029,0.287287,0.10605444,0.574574,0.03652076,1.149149,0.04566447,2.872872
86.3864,0.02547010,0.287955,0.10305948,0.575909,0.03568471,1.151818,0.04948106,2.879546
86.5866,0.02552094,0.288622,0.10019610,0.577244,0.03489519,1.154488,0.05397025,2.886219
86.7868,0.02557279,0.289289,0.09745712,0.578578,0.03414943,1.157157,0.05928525,2.892892
86.9870,0.02562568,0.289957,0.09483581,0.579913,0.03344485,1.159826,0.06562519,2.899566
87.1872,0.02567961,0.290624,0.09232587,0.581248,0.03277907,1.162496,0.07325186,2.906239
87.3874,0.02573458,0.291291,0.08992142,0.582582,0.03214992,1.165165,0.08251379,2.912912
87.5876,0.02579060,0.291959,0.08761691,0.583917,0.03155538,1.167834,0.09388091,2.919586
87.7878,0.02584769,0.292626,0.08540715,0.585252,0.03099358,1.170504,0.10799531,2.926259
87.9880,0.02590585,0.293293,0.08328728,0.586587,0.03046282,1.173173,0.12574541,2.932933
88.1882,0.02596509,0.293961,0.08125271,0.587921,0.02996151,1.175842,0.14837402,2.939606
88.3884,0.02602542,0.294628,0.07929917,0.589256,0.02948819,1.178512,0.17763156,2.946279
88.5886,0.02608684,0.295295,0.07742259,0.590591,0.02904149,1.181181,0.21597827,2.952953
88.7888,0.02614938,0.295963,0.07561920,0.591925,0.02862016,1.183850,0.26679860,2.959626
88.9890,0.02621302,0.296630,0.07388541,0.593260,0.02822305,1.186520,0.33445050,2.966299
89.1892,0.02627780,0.297297,0.07221786,0.594595,0.02784909,1.189189,0.42356287,2.972973
89.3894,0.02634371,0.297965,0.07061338,0.595929,0.02749727,1.191858,0.53607710,2.979646
89.5896,0.02641076,0.298632,0.06906899,0.597264,0.02716669,1.194528,0.66361494,2.986319
89.7898,0.02647897,0.299299,0.06758186,0.598599,0.02685649,1.197197,0.77644078,2.992993
89.9900,0.02654835,0.299967,0.06614934,0.599933,0.02656590,1.199866,0.82642367,2.999666
90.1902,0.02661891,0.300634,0.06476892,0.601268,0.02629418,1.202536,0.78507721,3.006339
90.3904,0.02669065,0.301301,0.06343824,0.602603,0.02604069,1.205205,0.67628743,3.013013
90.5906,0.02676359,0.301969,0.06215505,0.603937,0.02580479,1.207874,0.54845716,3.019686
90.7908,0.02683774,0.302636,0.06091724,0.605272,0.02558593,1.210544,0.43379365,3.026359
90.9910,0.02691312,0.303303,0.05972280,0.606607,0.02538360,1.213213,0.34233501,3.033033
91.1912,0.02698973,0.303971,0.05856986,0.607941,0.02519731,1.215882,0.27273350,3.039706
91.3914,0.02706758,0.304638,0.05745660,0.609276,0.02502665,1.218552,0.22043876,3.046379
91.5916,0.02714669,0.305305,0.05638133,0.610611,0.02487122,1.221221,0.18101268,3.053053
91.7918,0.02722708,0.305973,0.05534245,0.611945,0.02473067,1.223890,0.15096981,3.059726
91.9920,0.02730874,0.306640,0.05433843,0.613280,0.02460469,1.226560,0.12776648,3.066399
92.1922,0.02739170,0.307307,0.05336782,0.614615,0.02449299,1.229229,0.10959102,3.073073
92.3924,0.02747598,0.307975,0.05242925,0.615949,0.02439533,1.231898,0.09515758,3.079746
92.5926,0.02756157,0.308642,0.05152141,0.617284,0.02431150,1.234568,0.08354776,3.086420
92.7928,0.02764850,0.309309,0.05064307,0.618619,0.02424130,1.237237,0.07409866,3.093093
92.9930,0.02773679,0.309977,0.04979306,0.619953,0.02418459,1.239906,0.06632568,3.099766
93.1932,0.02782644,0.310644,0.04897024,0.621288,0.02414124,1.242576,0.05986995,3.106440
93.3934,0.02791747,0.311311,0.04817356,0.622623,0.02411116,1.245245,0.05446220,3.113113
93.5936,0.02800989,0.311979,0.04740200,0.623957,0.02409429,1.247914,0.04989790,3.119786
93.7938,0.02810373,0.312646,0.04665461,0.625292,0.02409059,1.250584,0.04601984,3.126460
93.9940,0.02819899,0.313313,0.04593047,0.626627,0.02410005,1.253253,0.04270584,3.133133
94.1942,0.02829569,0.313981,0.04522870,0.627961,0.02412269,1.255923,0.03986003,3.139806
94.3944,0.02839386,0.314648,0.04454847,0.629296,0.02415856,1.258592,0.03740642,3.146480
94.5946,0.02849349,0.315315,0.04388899,0.630631,0.02420774,1.261261,0.03528431,3.153153
94.7948,0.02859462,0.315983,0.04324949,0.631965,0.02427034,1.263931,0.03344485,3.159826
94.9950,0.02869726,0.316650,0.04262927,0.633300,0.02434648,1.266600,0.03184844,3.166500
95.1952,0.02880142,0.317317,0.04202762,0.634635,0.02443634,1.269269,0.03046282,3.173173
95.3954,0.02890713,0.317985,0.04144390,0.635969,0.02454011,1.271939,0.02926159,3.179846
95.5956,0.02901440,0.318652,0.04087747,0.637304,0.02465803,1.274608,0.02822305,3.186520
95.7958,0.02912325,0.319319,0.04032774,0.638639,0.02479035,1.277277,0.02732938,3.193193
95.9960,0.02923370,0.319987,0.03979412,0.639973,0.02493736,1.279947,0.02656590,3.199866
96.1962,0.02934576,0.320654,0.03927608,0.641308,0.02509941,1.282616,0.02592057,3.206540
96.3964,0.02945947,0.321321,0.03877309,0.642643,0.02527685,1.285285,0.02538360,3.213213
96.5966,0.02957484,0.321989,0.03828464,0.643977,0.02547010,1.287955,0.02494706,3.219886
96.7968,0.02969188,0.322656,0.03781026,0.645312,0.02567961,1.290624,0.02460469,3.226560
96.9970,0.02981063,0.323323,0.03734949,0.646647,0.02590585,1.293293,0.02435170,3.233233
97.1972,0.02993109,0.323991,0.03690189,0.647981,0.02614938,1.295963,0.02418459,3.239906
97.3974,0.03005330,0.324658,0.03646704,0.649316,0.02641076,1.298632,0.02410108,3.246580
97.5976,0.03017728,0.325325,0.03604453,0.650651,0.02669065,1.301301,0.02410005,3.253253
97.7978,0.03030304,0.325993,0.03563398,0.651985,0.02698973,1.303971,0.02418148,3.259927
97.9980,0.03043061,0.326660,0.03523501,0.653320,0.02730874,1.306640,0.02434648,3.266600
98.1982,0.03056002,0.327327,0.03484728,0.654655,0.02764850,1.309309,0.02459729,3.273273
98.3984,0.03069128,0.327995,0.03447044,0.655989,0.02800989,1.311979,0.02493736,3.279947
98.5986,0.03082443,0.328662,0.03410417,0.657324,0.02839386,1.314648,0.02537148,3.286620
98.7988,0.03095948,0.329329,0.03374815,0.658659,0.02880142,1.317317,0.02590585,3.293293
98.9990,0.03109647,0.329997,0.03340208,0.659993,0.02923370,1.319987,0.02654835,3.299967
99.1992,0.03123541,0.330664,0.03306568,0.661328,0.02969188,1.322656,0.02730874,3.306640
99.3994,0.03137634,0.331331,0.03273866,0.662663,0.03017728,1.325325,0.02819899,3.313313
99.5996,0.03151929,0.331999,0.03242076,0.663997,0.03069128,1.327995,0.02923370,3.319987
99.7998,0.03166427,0.332666,0.03211173,0.665332,0.03123541,1.330664,0.03043061,3.326660
100.0000,0.03181132,0.333333,0.03181132,0.666667,0.03181132,1.333333,0.03181132,3.333333
