d_over_lambda,d_um,Zin_real_MRayl,Zin_imag_MRayl,Zin_mag_MRayl,T_power,T_dB
0.001000,0.0750,12.544231,-0.638308,12.560460,0.82545941,-0.8330
0.003001,0.2251,12.286412,-1.875797,12.428779,0.81687164,-0.8785
0.005002,0.3752,11.801403,-3.001850,12.177200,0.80022436,-0.9679
0.007003,0.5252,11.141974,-3.965366,11.826568,0.77649910,-1.0986
0.009004,0.6753,10.369937,-4.741134,11.402366,0.74699096,-1.2668
0.011005,0.8254,9.544066,-5.327654,10.930375,0.71314685,-1.4682
0.013006,0.9755,8.712390,-5.740418,10.433511,0.67641348,-1.6979
0.015007,1.1255,7.909387,-6.004228,9.930214,0.63811894,-1.9510
0.017008,1.2756,7.156725,-6.146867,9.434124,0.59939802,-2.2228
0.019009,1.4257,6.465769,-6.194968,8.954540,0.56115926,-2.5091
0.021010,1.5758,5.840493,-6.171858,8.497246,0.52408472,-2.8060
0.023011,1.7258,5.280066,-6.096818,8.065375,0.48865102,-3.1100
0.025012,1.8759,4.780832,-5.985152,7.660183,0.45516132,-3.4183
0.027013,2.0260,4.337698,-5.848668,7.281658,0.42378049,-3.7286
0.029014,2.1761,3.945033,-5.696275,6.928985,0.39456847,-4.0388
0.031015,2.3261,3.597214,-5.534578,6.600871,0.36750936,-4.3473
0.033016,2.4762,3.288928,-5.368399,6.295773,0.34253513,-4.6529
0.035017,2.6263,3.015324,-5.201199,6.012043,0.31954422,-4.9547
0.037018,2.7764,2.772063,-5.035425,5.748029,0.29841549,-5.2518
0.039019,2.9264,2.555320,-4.872762,5.502133,0.27901832,-5.5437
0.041020,3.0765,2.361749,-4.714340,5.272842,0.26121974,-5.8299
0.043021,3.2266,2.188445,-4.560881,5.058747,0.24488917,-6.1103
0.045022,3.3767,2.032889,-4.412809,4.858551,0.22990153,-6.3846
0.047023,3.5267,1.892905,-4.270336,4.671066,0.21613902,-6.6527
0.049024,3.6768,1.766610,-4.133522,4.495210,0.20349212,-6.9145
0.051025,3.8269,1.652376,-4.002320,4.330001,0.19185990,-7.1702
0.053026,3.9770,1.548795,-3.876610,4.174550,0.18114998,-7.4196
0.055027,4.1270,1.454645,-3.756224,4.028053,0.17127823,-7.6630
0.057028,4.2771,1.368867,-3.640960,3.889780,0.16216831,-7.9003
0.059029,4.4272,1.290537,-3.530602,3.759074,0.15375109,-8.1318
0.061030,4.5773,1.218850,-3.424920,3.635337,0.14596414,-8.3575
0.063031,4.7273,1.153104,-3.323686,3.518031,0.13875111,-8.5776
0.065032,4.8774,1.092683,-3.226672,3.406665,0.13206114,-8.7922
0.067033,5.0275,1.037046,-3.133654,3.300795,0.12584840,-9.0015
0.069034,5.1776,0.985716,-3.044417,3.200018,0.12007155,-9.2056
0.071035,5.3276,0.938275,-2.958757,3.103965,0.11469329,-9.4046
0.073036,5.4777,0.894349,-2.876475,3.012303,0.10967995,-9.5987
0.075037,5.6278,0.853612,-2.797386,2.924725,0.10500111,-9.7881
0.077038,5.7779,0.815769,-2.721312,2.840954,0.10062930,-9.9728
0.079039,5.9279,0.780560,-2.648088,2.760732,0.09653962,-10.1529
0.081040,6.0780,0.747754,-2.577555,2.683827,0.09270956,-10.3288
0.083041,6.2281,0.717142,-2.509567,2.610023,0.08911867,-10.5003
0.085042,6.3782,0.688539,-2.443985,2.539123,0.08574842,-10.6677
0.087043,6.5282,0.661777,-2.380678,2.470946,0.08258196,-10.8311
0.089044,6.6783,0.636706,-2.319524,2.405325,0.07960394,-10.9907
0.091045,6.8284,0.613191,-2.260408,2.342104,0.07680040,-11.1464
0.093046,6.9785,0.591108,-2.203223,2.281141,0.07415862,-11.2984
0.095047,7.1285,0.570348,-2.147868,2.222304,0.07166694,-11.4468
0.097048,7.2786,0.550810,-2.094247,2.165471,0.06931476,-11.5917
0.099049,7.4287,0.532403,-2.042272,2.110528,0.06709233,-11.7333
0.101050,7.5788,0.515044,-1.991859,2.057370,0.06499075,-11.8715
0.103051,7.7288,0.498658,-1.942929,2.005899,0.06300183,-12.0065
0.105052,7.8789,0.483176,-1.895408,1.956024,0.06111807,-12.1383
0.107053,8.0290,0.468535,-1.849227,1.907660,0.05933256,-12.2671
0.109054,8.1791,0.454678,-1.804321,1.860728,0.05763895,-12.3928
0.111055,8.3291,0.441553,-1.760628,1.815153,0.05603138,-12.5157
0.113056,8.4792,0.429110,-1.718089,1.770866,0.05450445,-12.6357
0.115057,8.6293,0.417305,-1.676651,1.727803,0.05305316,-12.7529
0.117058,8.7794,0.406099,-1.636261,1.685902,0.05167293,-12.8674
0.119059,8.9294,0.395452,-1.596871,1.645108,0.05035946,-12.9792
0.121060,9.0795,0.385331,-1.558435,1.605366,0.04910883,-13.0884
0.123061,9.2296,0.375703,-1.520910,1.566627,0.04791735,-13.1951
0.125062,9.3797,0.366539,-1.484253,1.528842,0.04678165,-13.2992
0.127063,9.5297,0.357812,-1.448427,1.491968,0.04569855,-13.4010
0.129064,9.6798,0.349496,-1.413393,1.455963,0.04466513,-13.5003
0.131065,9.8299,0.341568,-1.379119,1.420787,0.04367866,-13.5973
0.133066,9.9800,0.334005,-1.345569,1.386404,0.04273659,-13.6920
0.135067,10.1300,0.326789,-1.312713,1.352778,0.04183655,-13.7844
0.137068,10.2801,0.319899,-1.280521,1.319875,0.04097635,-13.8747
0.139069,10.4302,0.313318,-1.248965,1.287665,0.04015390,-13.9627
0.141070,10.5803,0.307031,-1.218017,1.256118,0.03936730,-14.0486
0.143071,10.7303,0.301021,-1.187651,1.225206,0.03861473,-14.1325
0.145072,10.8804,0.295275,-1.157844,1.194902,0.03789451,-14.2142
0.147073,11.0305,0.289779,-1.128572,1.165181,0.03720507,-14.2940
0.149074,11.1806,0.284521,-1.099812,1.136019,0.03654492,-14.3717
0.151075,11.3306,0.279490,-1.071544,1.107393,0.03591269,-14.4475
0.153076,11.4807,0.274674,-1.043746,1.079283,0.03530707,-14.5214
0.155077,11.6308,0.270063,-1.016401,1.051667,0.03472685,-14.5933
0.157078,11.7809,0.265648,-0.989488,1.024527,0.03417087,-14.6634
0.159079,11.9309,0.261420,-0.962991,0.997844,0.03363808,-14.7317
0.161080,12.0810,0.257371,-0.936893,0.971600,0.03312745,-14.7981
0.163081,12.2311,0.253492,-0.911176,0.945780,0.03263803,-14.8628
0.165082,12.3812,0.249776,-0.885826,0.920368,0.03216893,-14.9256
0.167083,12.5312,0.246217,-0.860828,0.895348,0.03171931,-14.9868
0.169084,12.6813,0.242808,-0.836167,0.870707,0.03128838,-15.0462
0.171085,12.8314,0.239542,-0.811829,0.846432,0.03087539,-15.1039
0.173086,12.9815,0.236414,-0.787802,0.822510,0.03047963,-15.1599
0.175087,13.1315,0.233418,-0.764071,0.798930,0.03010045,-15.2143
0.177088,13.2816,0.230550,-0.740626,0.775680,0.02973722,-15.2670
0.179089,13.4317,0.227804,-0.717454,0.752751,0.02938935,-15.3181
0.181090,13.5818,0.225176,-0.694543,0.730133,0.02905628,-15.3676
0.183091,13.7318,0.222662,-0.671883,0.707817,0.02873749,-15.4155
0.185092,13.8819,0.220257,-0.649463,0.685795,0.02843249,-15.4619
0.187093,14.0320,0.217959,-0.627272,0.664061,0.02814081,-15.5066
0.189094,14.1821,0.215762,-0.605301,0.642607,0.02786200,-15.5499
0.191095,14.3321,0.213665,-0.583540,0.621427,0.02759567,-15.5916
0.193096,14.4822,0.211663,-0.561980,0.600519,0.02734140,-15.6318
0.195097,14.6323,0.209754,-0.540611,0.579877,0.02709884,-15.6705
0.197098,14.7824,0.207935,-0.519424,0.559499,0.02686764,-15.7077
0.199099,14.9324,0.206203,-0.498412,0.539383,0.02664747,-15.7434
0.201100,15.0825,0.204556,-0.477566,0.519530,0.02643801,-15.7777
0.203101,15.2326,0.202991,-0.456877,0.499942,0.02623900,-15.8105
0.205102,15.3827,0.201507,-0.436337,0.480620,0.02605014,-15.8419
0.207103,15.5327,0.200100,-0.415940,0.461569,0.02587118,-15.8718
0.209104,15.6828,0.198770,-0.395677,0.442798,0.02570188,-15.9004
0.211105,15.8329,0.197515,-0.375542,0.424315,0.02554203,-15.9274
0.213106,15.9830,0.196332,-0.355526,0.406134,0.02539139,-15.9531
0.215107,16.1330,0.195220,-0.335623,0.388270,0.02524979,-15.9774
0.217108,16.2831,0.194178,-0.315826,0.370744,0.02511704,-16.0003
0.219109,16.4332,0.193204,-0.296129,0.353582,0.02499295,-16.0218
0.221110,16.5833,0.192297,-0.276524,0.336814,0.02487739,-16.0420
0.223111,16.7333,0.191455,-0.257005,0.320479,0.02477019,-16.0607
0.225112,16.8834,0.190679,-0.237566,0.304625,0.02467123,-16.0781
0.227113,17.0335,0.189966,-0.218201,0.289307,0.02458037,-16.0941
0.229114,17.1836,0.189316,-0.198903,0.274596,0.02449751,-16.1088
0.231115,17.3336,0.188728,-0.179665,0.260572,0.02442255,-16.1221
0.233116,17.4837,0.188201,-0.160483,0.247335,0.02435539,-16.1340
0.235117,17.6338,0.187735,-0.141350,0.234998,0.02429594,-16.1447
0.237118,17.7839,0.187329,-0.122260,0.223695,0.02424414,-16.1539
0.239119,17.9339,0.186982,-0.103207,0.213574,0.02419992,-16.1619
0.241120,18.0840,0.186694,-0.084185,0.204797,0.02416323,-16.1685
0.243121,18.2341,0.186465,-0.065189,0.197532,0.02413402,-16.1737
0.245122,18.3842,0.186295,-0.046212,0.191941,0.02411226,-16.1776
0.247123,18.5342,0.186182,-0.027250,0.188166,0.02409792,-16.1802
0.249124,18.6843,0.186128,-0.008296,0.186313,0.02409099,-16.1815
0.251125,18.8344,0.186132,0.010656,0.186436,0.02409145,-16.1814
0.253126,18.9845,0.186193,0.029611,0.188533,0.02409930,-16.1800
0.255127,19.1345,0.186313,0.048575,0.192541,0.02411457,-16.1772
0.257128,19.2846,0.186491,0.067554,0.198349,0.02413725,-16.1731
0.259129,19.4347,0.186727,0.086553,0.205812,0.02416739,-16.1677
0.261130,19.5848,0.187022,0.105578,0.214765,0.02420502,-16.1609
0.263131,19.7348,0.187376,0.124635,0.225042,0.02425018,-16.1529
0.265132,19.8849,0.187790,0.143731,0.236482,0.02430293,-16.1434
0.267133,20.0350,0.188264,0.162870,0.248937,0.02436333,-16.1326
0.269134,20.1851,0.188798,0.182058,0.262278,0.02443146,-16.1205
0.271135,20.3351,0.189394,0.201303,0.276393,0.02450740,-16.1070
0.273136,20.4852,0.190051,0.220609,0.291184,0.02459125,-16.0922
0.275137,20.6353,0.190772,0.239984,0.306572,0.02468311,-16.0760
0.277138,20.7854,0.191557,0.259432,0.322489,0.02478309,-16.0584
0.279139,20.9354,0.192406,0.278961,0.338880,0.02489132,-16.0395
0.281140,21.0855,0.193321,0.298577,0.355699,0.02500794,-16.0192
0.283141,21.2356,0.194304,0.318287,0.372908,0.02513310,-15.9975
0.285142,21.3857,0.195354,0.338096,0.390477,0.02526694,-15.9745
0.287143,21.5357,0.196475,0.358013,0.408382,0.02540966,-15.9500
0.289144,21.6858,0.197667,0.378043,0.426601,0.02556143,-15.9241
0.291145,21.8359,0.198932,0.398194,0.445121,0.02572245,-15.8969
0.293146,21.9860,0.200271,0.418473,0.463927,0.02589294,-15.8682
0.295147,22.1360,0.201687,0.438888,0.483012,0.02607311,-15.8381
0.297148,22.2861,0.203182,0.459445,0.502367,0.02626323,-15.8065
0.299149,22.4362,0.204756,0.480153,0.521989,0.02646353,-15.7735
0.301150,22.5863,0.206414,0.501020,0.541875,0.02667430,-15.7391
0.303151,22.7363,0.208157,0.522054,0.562023,0.02689583,-15.7032
0.305152,22.8864,0.209987,0.543263,0.582433,0.02712843,-15.6658
0.307153,23.0365,0.211907,0.564655,0.603108,0.02737243,-15.6269
0.309154,23.1866,0.213921,0.586240,0.624051,0.02762818,-15.5865
0.311155,23.3366,0.216030,0.608027,0.645264,0.02789604,-15.5446
0.313156,23.4867,0.218239,0.630024,0.666753,0.02817643,-15.5011
0.315157,23.6368,0.220551,0.652243,0.688523,0.02846975,-15.4562
0.317158,23.7869,0.222969,0.674692,0.710581,0.02877644,-15.4096
0.319159,23.9369,0.225497,0.697383,0.732934,0.02909698,-15.3615
0.321160,24.0870,0.228139,0.720326,0.755590,0.02943186,-15.3118
0.323161,24.2371,0.230900,0.743531,0.778559,0.02978162,-15.2605
0.325162,24.3872,0.233784,0.767011,0.801849,0.03014680,-15.2076
0.327163,24.5372,0.236796,0.790778,0.825471,0.03052801,-15.1530
0.329164,24.6873,0.239941,0.814844,0.849436,0.03092588,-15.0968
0.331165,24.8374,0.243224,0.839221,0.873756,0.03134107,-15.0389
0.333166,24.9875,0.246652,0.863923,0.898443,0.03177428,-14.9792
0.335167,25.1375,0.250231,0.888964,0.923511,0.03222628,-14.9179
0.337168,25.2876,0.253966,0.914359,0.948974,0.03269787,-14.8548
0.339169,25.4377,0.257866,0.940122,0.974846,0.03318988,-14.7899
0.341170,25.5878,0.261937,0.966270,1.001143,0.03370322,-14.7233
0.343171,25.7378,0.266188,0.992817,1.027882,0.03423884,-14.6548
0.345172,25.8879,0.270627,1.019783,1.055081,0.03479778,-14.5845
0.347173,26.0380,0.275262,1.047184,1.082757,0.03538110,-14.5123
0.349174,26.1881,0.280105,1.075039,1.110931,0.03598996,-14.4382
0.351175,26.3381,0.285164,1.103367,1.139622,0.03662560,-14.3622
0.353176,26.4882,0.290451,1.132190,1.168852,0.03728932,-14.2842
0.355177,26.6383,0.295977,1.161527,1.198644,0.03798251,-14.2042
0.357178,26.7884,0.301755,1.191403,1.229023,0.03870667,-14.1221
0.359179,26.9384,0.307799,1.221839,1.260013,0.03946339,-14.0381
0.361180,27.0885,0.314122,1.252862,1.291641,0.04025436,-13.9519
0.363181,27.2386,0.320740,1.284496,1.323935,0.04108140,-13.8635
0.365182,27.3887,0.327669,1.316769,1.356926,0.04194645,-13.7730
0.367183,27.5387,0.334928,1.349710,1.390645,0.04285159,-13.6803
0.369184,27.6888,0.342535,1.383348,1.425125,0.04379906,-13.5854
0.371185,27.8389,0.350510,1.417715,1.460402,0.04479124,-13.4881
0.373186,27.9890,0.358876,1.452845,1.496513,0.04583070,-13.3884
0.375187,28.1390,0.367656,1.488773,1.533498,0.04692018,-13.2864
0.377188,28.2891,0.376876,1.525536,1.571399,0.04806266,-13.1819
0.379189,28.4392,0.386564,1.563173,1.610261,0.04926131,-13.0749
0.381190,28.5893,0.396749,1.601725,1.650131,0.05051957,-12.9654
0.383191,28.7393,0.407463,1.641237,1.691060,0.05184113,-12.8533
0.385192,28.8894,0.418742,1.681755,1.733102,0.05322998,-12.7384
0.387193,29.0395,0.430624,1.723327,1.776314,0.05469042,-12.6209
0.389194,29.1896,0.443149,1.766006,1.820758,0.05622712,-12.5005
0.391195,29.3396,0.456364,1.809847,1.866498,0.05784511,-12.3773
0.393196,29.4897,0.470315,1.854909,1.913605,0.05954984,-12.2512
0.395197,29.6398,0.485057,1.901253,1.962153,0.06134723,-12.1221
0.397198,29.7899,0.500648,1.948945,2.012222,0.06324370,-11.9898
0.399199,29.9399,0.517152,1.998056,2.063897,0.06524623,-11.8544
0.401200,30.0900,0.534637,2.048659,2.117272,0.06736240,-11.7158
0.403201,30.2401,0.553180,2.100835,2.172444,0.06960049,-11.5739
0.405202,30.3902,0.572865,2.154667,2.229521,0.07196950,-11.4285
0.407203,30.5402,0.593784,2.210245,2.288616,0.07447927,-11.2796
0.409204,30.6903,0.616039,2.267665,2.349853,0.07714055,-11.1272
0.411205,30.8404,0.639742,2.327028,2.413365,0.07996510,-10.9710
0.413206,30.9905,0.665016,2.388444,2.479296,0.08296580,-10.8110
0.415207,31.1405,0.691998,2.452027,2.547803,0.08615679,-10.6471
0.417208,31.2906,0.720842,2.517902,2.619054,0.08955357,-10.4792
0.419209,31.4407,0.751717,2.586199,2.693233,0.09317320,-10.3071
0.421210,31.5908,0.784810,2.657059,2.770539,0.09703445,-10.1307
0.423211,31.7408,0.820334,2.730629,2.851190,0.10115799,-9.9500
0.425212,31.8909,0.858522,2.807069,2.935421,0.10556664,-9.7647
0.427213,32.0410,0.899641,2.886546,3.023492,0.11028559,-9.5748
0.429214,32.1911,0.943985,2.969239,3.115684,0.11534266,-9.3801
0.431215,32.3411,0.991890,3.055334,3.212306,0.12076867,-9.1805
0.433216,32.4912,1.043732,3.145030,3.313697,0.12659770,-8.9757
0.435217,32.6413,1.099938,3.238534,3.420228,0.13286754,-8.7658
0.437218,32.7914,1.160991,3.336062,3.532309,0.13962007,-8.5505
0.439219,32.9414,1.227442,3.437837,3.650389,0.14690172,-8.3297
0.441220,33.0915,1.299916,3.544089,3.774963,0.15476398,-8.1033
0.443221,33.2416,1.379128,3.655046,3.906578,0.16326395,-7.8711
0.445222,33.3917,1.465896,3.770936,4.045838,0.17246486,-7.6330
0.447223,33.5417,1.561160,3.891975,4.193410,0.18243669,-7.3889
0.449224,33.6918,1.665998,4.018360,4.350031,0.19325674,-7.1387
0.451225,33.8419,1.781653,4.150256,4.516515,0.20501014,-6.8822
0.453226,33.9920,1.909560,4.287774,4.693764,0.21779033,-6.6196
0.455227,34.1420,2.051375,4.430951,4.882772,0.23169929,-6.3508
0.457228,34.2921,2.209016,4.579709,5.084632,0.24684763,-6.0757
0.459229,34.4422,2.384700,4.733815,5.300547,0.26335411,-5.7946
0.461230,34.5923,2.580990,4.892811,5.531827,0.28134461,-5.5076
0.463231,34.7423,2.800845,5.055933,5.779895,0.30095021,-5.2151
0.465232,34.8924,3.047667,5.221990,6.046276,0.32230389,-4.9173
0.467233,35.0425,3.325344,5.389214,6.332577,0.34553553,-4.6151
0.469234,35.1926,3.638279,5.555048,6.640454,0.37076445,-4.3090
0.471235,35.3426,3.991386,5.715880,6.971546,0.39808889,-4.0002
0.473236,35.4927,4.390027,5.866694,7.327376,0.42757149,-3.6899
0.475237,35.6428,4.839847,6.000626,7.709191,0.45922012,-3.3798
0.477238,35.7929,5.346444,6.108439,8.117727,0.49296346,-3.0719
0.479239,35.9429,5.914792,6.177923,8.552865,0.52862129,-2.7686
0.481240,36.0930,6.548280,6.193298,9.013152,0.56587075,-2.4728
0.483241,36.2431,7.247264,6.134772,9.495171,0.60421125,-2.1881
0.485242,36.3932,8.006998,5.978543,9.992748,0.64293333,-1.9183
0.487243,36.5432,8.814996,5.697682,10.496082,0.68109970,-1.6679
0.489244,36.6933,9.648110,5.264505,10.990952,0.71754891,-1.4415
0.491245,36.8434,10.470159,4.654985,11.458321,0.75093311,-1.2440
0.493246,36.9935,11.231530,3.855318,11.874794,0.77979826,-1.0802
0.495247,37.1435,11.872547,2.869647,12.214428,0.80270760,-0.9544
0.497248,37.2936,12.331802,1.726421,12.452063,0.81839641,-0.8704
0.499249,37.4437,12.558596,0.479764,12.567757,0.82593274,-0.8306
0.501250,37.5938,12.525741,-0.796856,12.551063,0.82484940,-0.8363
0.503251,37.7438,12.237266,-2.024005,12.403518,0.81521436,-0.8873
0.505252,37.8939,11.727239,-3.132013,12.138271,0.79762026,-0.9820
0.507253,38.0440,11.050305,-4.072894,11.776999,0.77309623,-1.1177
0.509254,38.1941,10.268488,-4.824653,11.345445,0.74296530,-1.2903
0.511255,38.3441,9.439532,-5.388332,10.869172,0.70868217,-1.4955
0.513256,38.4942,8.609836,-5.780998,10.370594,0.67168433,-1.7283
0.515257,38.6443,7.812183,-6.028126,9.867548,0.63327886,-1.9841
0.517258,38.7944,7.066796,-6.157539,9.373094,0.59457329,-2.2579
0.519259,38.9444,6.383957,-6.195538,8.896044,0.55644730,-2.5458
0.521260,39.0945,5.766911,-6.164964,8.441803,0.51955578,-2.8437
0.523261,39.2446,5.214377,-6.084583,8.013232,0.48435178,-3.1484
0.525262,39.3947,4.722456,-5.969233,7.611395,0.45111926,-3.4571
0.527263,39.5447,4.285946,-5.830324,7.236160,0.42000820,-3.7674
0.529264,39.6948,3.899193,-5.676447,6.886636,0.39106758,-4.0775
0.531265,39.8449,3.556600,-5.513958,6.561489,0.36427378,-4.3857
0.533266,39.9950,3.252907,-5.347485,6.259154,0.33955366,-4.6909
0.535267,40.1450,2.983325,-5.180348,5.977979,0.31680255,-4.9921
0.537268,40.2951,2.743579,-5.014884,5.716317,0.29589763,-5.2886
0.539269,40.4452,2.529907,-4.852699,5.472579,0.27670765,-5.5798
0.541270,40.5953,2.339021,-4.694866,5.245263,0.25909971,-5.8653
0.543271,40.7453,2.168067,-4.542062,5.032975,0.24294380,-6.1449
0.545272,40.8954,2.014572,-4.394682,4.834432,0.22811565,-6.4184
0.547273,41.0455,1.876397,-4.252916,4.648458,0.21449848,-6.6858
0.549274,41.1956,1.751695,-4.116808,4.473985,0.20198383,-6.9468
0.551275,41.3456,1.638866,-3.986301,4.310043,0.19047183,-7.2017
0.553276,41.4957,1.536528,-3.861267,4.155755,0.17987118,-7.4504
0.555277,41.6458,1.443480,-3.741532,4.010324,0.17009873,-7.6930
0.557278,41.7959,1.358681,-3.626895,3.873032,0.16107907,-7.9296
0.559279,41.9459,1.281223,-3.517134,3.743229,0.15274397,-8.1604
0.561280,42.0960,1.210316,-3.412021,3.620325,0.14503176,-8.3854
0.563281,42.2461,1.145268,-3.311327,3.503788,0.13788681,-8.6048
0.565282,42.3962,1.085473,-3.214824,3.393132,0.13125894,-8.8187
0.567283,42.5462,1.030400,-3.122291,3.287921,0.12510289,-9.0273
0.569284,42.6963,0.979578,-3.033513,3.187754,0.11937785,-9.2308
0.571285,42.8464,0.932596,-2.948285,3.092268,0.11404700,-9.4292
0.573286,42.9965,0.889087,-2.866413,3.001133,0.10907709,-9.6227
0.575287,43.1465,0.848726,-2.787710,2.914046,0.10443810,-9.8114
0.577288,43.2966,0.811226,-2.712002,2.830732,0.10010288,-9.9955
0.579289,43.4467,0.776330,-2.639122,2.750937,0.09604686,-10.1752
0.581290,43.5968,0.743810,-2.568916,2.674431,0.09224778,-10.3504
0.583291,43.7468,0.713459,-2.501236,2.601001,0.08868547,-10.5215
0.585292,43.8969,0.685095,-2.435946,2.530452,0.08534160,-10.6884
0.587293,44.0470,0.658552,-2.372914,2.462603,0.08219951,-10.8513
0.589294,44.1971,0.633683,-2.312022,2.397290,0.07924405,-11.0103
0.591295,44.3471,0.610353,-2.253153,2.334359,0.07646141,-11.1656
0.593296,44.4972,0.588442,-2.196202,2.273669,0.07383902,-11.3171
0.595297,44.6473,0.567839,-2.141069,2.215089,0.07136535,-11.4651
0.597298,44.7974,0.548448,-2.087659,2.158498,0.06902991,-11.6096
0.599299,44.9474,0.530176,-2.035883,2.103784,0.06682307,-11.7507
0.601300,45.0975,0.512943,-1.985660,2.050842,0.06473601,-11.8885
0.603301,45.2476,0.496674,-1.936910,1.999576,0.06276064,-12.0231
0.605302,45.3977,0.481300,-1.889561,1.949895,0.06088953,-12.1546
0.607303,45.5477,0.466761,-1.843543,1.901714,0.05911585,-12.2830
0.609304,45.6978,0.452998,-1.798792,1.854955,0.05743331,-12.4084
0.611305,45.8479,0.439960,-1.755246,1.809545,0.05583611,-12.5308
0.613306,45.9980,0.427599,-1.712848,1.765415,0.05431890,-12.6505
0.615307,46.1480,0.415872,-1.671543,1.722500,0.05287675,-12.7674
0.617308,46.2981,0.404737,-1.631281,1.680741,0.05150509,-12.8815
0.619309,46.4482,0.394158,-1.592013,1.640081,0.05019970,-12.9930
0.621310,46.5983,0.384100,-1.553693,1.600467,0.04895665,-13.1019
0.623311,46.7483,0.374532,-1.516278,1.561850,0.04777234,-13.2082
0.625312,46.8984,0.365424,-1.479728,1.524182,0.04664338,-13.3121
0.627313,47.0485,0.356750,-1.444003,1.487419,0.04556665,-13.4135
0.629314,47.1986,0.348484,-1.409066,1.451519,0.04453924,-13.5126
0.631315,47.3486,0.340602,-1.374884,1.416445,0.04355846,-13.6093
0.633316,47.4987,0.333084,-1.341423,1.382158,0.04262177,-13.7037
0.635317,47.6488,0.325909,-1.308652,1.348624,0.04172684,-13.7958
0.637318,47.7989,0.319059,-1.276541,1.315810,0.04087146,-13.8858
0.639319,47.9489,0.312516,-1.245062,1.283684,0.04005360,-13.9736
0.641320,48.0990,0.306264,-1.214188,1.252218,0.03927135,-14.0592
0.643321,48.2491,0.300288,-1.183894,1.221383,0.03852292,-14.1428
0.645322,48.3992,0.294574,-1.154154,1.191153,0.03780663,-14.2243
0.647323,48.5492,0.289109,-1.124947,1.161504,0.03712093,-14.3038
0.649324,48.6993,0.283880,-1.096250,1.132410,0.03646435,-14.3813
0.651325,48.8494,0.278876,-1.068042,1.103850,0.03583552,-14.4569
0.653326,48.9995,0.274086,-1.040302,1.075803,0.03523314,-14.5305
0.655327,49.1495,0.269501,-1.013012,1.048248,0.03465601,-14.6022
0.657328,49.2996,0.265110,-0.986152,1.021165,0.03410300,-14.6721
0.659329,49.4497,0.260904,-0.959706,0.994538,0.03357302,-14.7401
0.661330,49.5998,0.256877,-0.933656,0.968348,0.03306510,-14.8063
0.663331,49.7498,0.253019,-0.907986,0.942580,0.03257827,-14.8707
0.665332,49.8999,0.249323,-0.882681,0.917217,0.03211165,-14.9334
0.667333,50.0500,0.245783,-0.857726,0.892246,0.03166441,-14.9943
0.669334,50.2001,0.242391,-0.833106,0.867651,0.03123577,-15.0535
0.671335,50.3502,0.239143,-0.808808,0.843421,0.03082497,-15.1110
0.673336,50.5002,0.236032,-0.784818,0.819543,0.03043132,-15.1668
0.675337,50.6503,0.233052,-0.761124,0.796004,0.03005417,-15.2210
0.677338,50.8004,0.230200,-0.737713,0.772795,0.02969289,-15.2735
0.679339,50.9505,0.227469,-0.714574,0.749906,0.02934690,-15.3244
0.681340,51.1005,0.224855,-0.691696,0.727326,0.02901564,-15.3737
0.683341,51.2506,0.222355,-0.669066,0.705047,0.02869860,-15.4214
0.685342,51.4007,0.219964,-0.646675,0.683062,0.02839529,-15.4675
0.687343,51.5508,0.217678,-0.624513,0.661362,0.02810524,-15.5121
0.689344,51.7008,0.215495,-0.602569,0.639943,0.02782802,-15.5552
0.691345,51.8509,0.213409,-0.580833,0.618798,0.02756321,-15.5967
0.693346,52.0010,0.211419,-0.559297,0.597923,0.02731043,-15.6367
0.695347,52.1511,0.209522,-0.537951,0.577314,0.02706931,-15.6752
0.697348,52.3011,0.207713,-0.516787,0.556969,0.02683951,-15.7123
0.699349,52.4512,0.205992,-0.495796,0.536886,0.02662069,-15.7478
0.701350,52.6013,0.204356,-0.474970,0.517066,0.02641256,-15.7819
0.703351,52.7514,0.202801,-0.454300,0.497510,0.02621483,-15.8145
0.705352,52.9014,0.201327,-0.433779,0.478222,0.02602722,-15.8457
0.707353,53.0515,0.199930,-0.413399,0.459206,0.02584948,-15.8755
0.709354,53.2016,0.198609,-0.393152,0.440470,0.02568138,-15.9038
0.711355,53.3517,0.197363,-0.373032,0.422025,0.02552269,-15.9307
0.713356,53.5017,0.196189,-0.353031,0.403882,0.02537319,-15.9562
0.715357,53.6518,0.195086,-0.333142,0.386059,0.02523271,-15.9804
0.717358,53.8019,0.194052,-0.313358,0.368577,0.02510105,-16.0031
0.719359,53.9520,0.193087,-0.293672,0.351462,0.02497804,-16.0244
0.721360,54.1020,0.192188,-0.274078,0.334746,0.02486353,-16.0444
0.723361,54.2521,0.191355,-0.254570,0.318469,0.02475737,-16.0630
0.725362,54.4022,0.190586,-0.235141,0.302678,0.02465942,-16.0802
0.727363,54.5523,0.189881,-0.215784,0.287433,0.02456957,-16.0960
0.729364,54.7023,0.189239,-0.196494,0.272802,0.02448771,-16.1105
0.731365,54.8524,0.188659,-0.177263,0.258872,0.02441373,-16.1237
0.733366,55.0025,0.188140,-0.158088,0.245740,0.02434753,-16.1355
0.735367,55.1526,0.187681,-0.138960,0.233525,0.02428905,-16.1459
0.737368,55.3026,0.187282,-0.119875,0.222362,0.02423820,-16.1550
0.739369,55.4527,0.186943,-0.100826,0.212400,0.02419492,-16.1628
0.741370,55.6028,0.186663,-0.081808,0.203803,0.02415917,-16.1692
0.743371,55.7529,0.186441,-0.062815,0.196738,0.02413089,-16.1743
0.745372,55.9029,0.186278,-0.043840,0.191367,0.02411006,-16.1780
0.747373,56.0530,0.186172,-0.024879,0.187827,0.02409665,-16.1804
0.749374,56.2031,0.186125,-0.005925,0.186220,0.02409064,-16.1815
0.751375,56.3532,0.186136,0.013027,0.186591,0.02409202,-16.1813
0.753376,56.5032,0.186205,0.031982,0.188932,0.02410081,-16.1797
0.755377,56.6533,0.186332,0.050948,0.193172,0.02411700,-16.1768
0.757378,56.8034,0.186517,0.069929,0.199195,0.02414061,-16.1725
0.759379,56.9535,0.186761,0.088931,0.206853,0.02417169,-16.1669
0.761380,57.1035,0.187063,0.107960,0.215981,0.02421025,-16.1600
0.763381,57.2536,0.187425,0.127021,0.226412,0.02425636,-16.1517
0.765382,57.4037,0.187846,0.146122,0.237987,0.02431006,-16.1421
0.767383,57.5538,0.188327,0.165267,0.250560,0.02437143,-16.1312
0.769384,57.7038,0.188869,0.184462,0.264003,0.02444053,-16.1189
0.771385,57.8539,0.189473,0.203714,0.278207,0.02451745,-16.1052
0.773386,58.0040,0.190138,0.223028,0.293077,0.02460230,-16.0902
0.775387,58.1541,0.190867,0.242412,0.308535,0.02469517,-16.0739
0.777388,58.3041,0.191659,0.261870,0.324514,0.02479617,-16.0562
0.779389,58.4542,0.192517,0.281410,0.340960,0.02490545,-16.0371
0.781390,58.6043,0.193440,0.301037,0.357830,0.02502312,-16.0166
0.783391,58.7544,0.194431,0.320758,0.375086,0.02514936,-15.9947
0.785392,58.9044,0.195491,0.340581,0.392698,0.02528430,-15.9715
0.787393,59.0545,0.196620,0.360511,0.410643,0.02542814,-15.9469
0.789394,59.2046,0.197821,0.380556,0.428901,0.02558106,-15.9208
0.791395,59.3547,0.199095,0.400723,0.447457,0.02574325,-15.8934
0.793396,59.5047,0.200444,0.421019,0.466299,0.02591494,-15.8645
0.795397,59.6548,0.201870,0.441451,0.485418,0.02609634,-15.8342
0.797398,59.8049,0.203374,0.462027,0.504807,0.02628771,-15.8025
0.799399,59.9550,0.204959,0.482754,0.524462,0.02648931,-15.7693
0.801400,60.1050,0.206627,0.503642,0.544380,0.02670141,-15.7347
0.803401,60.2551,0.208381,0.524696,0.564561,0.02692431,-15.6986
0.805402,60.4052,0.210222,0.545928,0.585005,0.02715831,-15.6610
0.807403,60.5553,0.212154,0.567344,0.605713,0.02740376,-15.6219
0.809404,60.7053,0.214179,0.588953,0.626689,0.02766100,-15.5813
0.811405,60.8554,0.216301,0.610766,0.647936,0.02793042,-15.5392
0.813406,61.0055,0.218523,0.632791,0.669460,0.02821240,-15.4956
0.815407,61.1556,0.220848,0.655038,0.691265,0.02850736,-15.4504
0.817408,61.3056,0.223279,0.677517,0.713360,0.02881576,-15.4037
0.819409,61.4557,0.225821,0.700238,0.735750,0.02913807,-15.3554
0.821410,61.6058,0.228478,0.723213,0.758445,0.02947478,-15.3055
0.823411,61.7559,0.231254,0.746452,0.781454,0.02982643,-15.2540
0.825412,61.9059,0.234154,0.769968,0.804785,0.03019359,-15.2009
0.827413,62.0560,0.237182,0.793771,0.828449,0.03057685,-15.1461
0.829414,62.2061,0.240344,0.817875,0.852458,0.03097684,-15.0896
0.831415,62.3562,0.243645,0.842292,0.876823,0.03139424,-15.0315
0.833416,62.5062,0.247091,0.867036,0.901557,0.03182977,-14.9717
0.835417,62.6563,0.250689,0.892121,0.926674,0.03228417,-14.9101
0.837418,62.8064,0.254445,0.917561,0.952187,0.03275826,-14.8468
0.839419,62.9565,0.258365,0.943371,0.978111,0.03325289,-14.7817
0.841420,63.1065,0.262459,0.969567,1.004463,0.03376896,-14.7148
0.843421,63.2566,0.266733,0.996167,1.031258,0.03430745,-14.6461
0.845422,63.4067,0.271195,1.023185,1.058516,0.03486937,-14.5756
0.847423,63.5568,0.275857,1.050642,1.086253,0.03545582,-14.5031
0.849424,63.7068,0.280725,1.078555,1.114490,0.03606797,-14.4288
0.851425,63.8569,0.285812,1.106944,1.143247,0.03670704,-14.3525
0.853426,64.0070,0.291128,1.135830,1.172547,0.03737437,-14.2743
0.855427,64.1571,0.296685,1.165234,1.202411,0.03807135,-14.1940
0.857428,64.3071,0.302496,1.195178,1.232864,0.03879949,-14.1117
0.859429,64.4572,0.308574,1.225687,1.263933,0.03956040,-14.0274
0.861430,64.6073,0.314933,1.256784,1.295642,0.04035578,-13.9409
0.863431,64.7574,0.321589,1.288497,1.328022,0.04118746,-13.8523
0.865432,64.9074,0.328559,1.320852,1.361103,0.04205741,-13.7616
0.867433,65.0575,0.335860,1.353878,1.394915,0.04296772,-13.6686
0.869434,65.2076,0.343512,1.387605,1.429493,0.04392065,-13.5733
0.871435,65.3577,0.351535,1.422066,1.464872,0.04491860,-13.4757
0.873436,65.5077,0.359951,1.457294,1.501090,0.04596416,-13.3758
0.875437,65.6578,0.368785,1.493324,1.538187,0.04706010,-13.2735
0.877438,65.8079,0.378062,1.530194,1.576206,0.04820942,-13.1687
0.879439,65.9580,0.387810,1.567943,1.615191,0.04941534,-13.0614
0.881440,66.1080,0.398059,1.606613,1.655191,0.05068130,-12.9515
0.883441,66.2581,0.408842,1.646248,1.696256,0.05201105,-12.8390
0.885442,66.4082,0.420194,1.686895,1.738441,0.05340861,-12.7239
0.887443,66.5583,0.432154,1.728603,1.781804,0.05487833,-12.6060
0.889444,66.7083,0.444763,1.771424,1.826406,0.05642491,-12.4853
0.891445,66.8584,0.458067,1.815415,1.872313,0.05805344,-12.3617
0.893446,67.0085,0.472114,1.860633,1.919596,0.05976943,-12.2352
0.895447,67.1586,0.486959,1.907142,1.968329,0.06157885,-12.1057
0.897448,67.3086,0.502661,1.955008,2.018595,0.06348819,-11.9731
0.899449,67.4587,0.519283,2.004301,2.070478,0.06550450,-11.8373
0.901450,67.6088,0.536896,2.055097,2.124072,0.06763546,-11.6983
0.903451,67.7589,0.555578,2.107475,2.179476,0.06988941,-11.5559
0.905452,67.9089,0.575412,2.161520,2.236799,0.07227547,-11.4101
0.907453,68.0590,0.596492,2.217323,2.296154,0.07480358,-11.2608
0.909454,68.2091,0.618922,2.274980,2.357668,0.07748461,-11.1078
0.911455,68.3592,0.642814,2.334594,2.421475,0.08033046,-10.9512
0.913456,68.5092,0.668294,2.396275,2.487719,0.08335416,-10.7907
0.915457,68.6593,0.695501,2.460138,2.556560,0.08657001,-10.6263
0.917458,68.8094,0.724589,2.526308,2.628167,0.08999369,-10.4579
0.919459,68.9595,0.755730,2.594918,2.702726,0.09364247,-10.2853
0.921460,69.1095,0.789115,2.666108,2.780438,0.09753535,-10.1084
0.923461,69.2596,0.824959,2.740029,2.861523,0.10169326,-9.9271
0.925462,69.4097,0.863499,2.816839,2.946220,0.10613929,-9.7412
0.927463,69.5598,0.905003,2.896708,3.034790,0.11089894,-9.5507
0.929464,69.7098,0.949774,2.979816,3.127519,0.11600040,-9.3554
0.931465,69.8599,0.998150,3.066350,3.224718,0.12147488,-9.1551
0.933466,70.0100,1.050513,3.156511,3.326731,0.12735689,-8.9498
0.935467,70.1601,1.107298,3.250506,3.433933,0.13368472,-8.7392
0.937468,70.3101,1.168995,3.348553,3.546739,0.14050078,-8.5232
0.939469,70.4602,1.236163,3.450876,3.665602,0.14785211,-8.3017
0.941470,70.6103,1.309438,3.557703,3.791026,0.15579088,-8.0746
0.943471,70.7604,1.389548,3.669265,3.923563,0.16437492,-7.8416
0.945472,70.9104,1.477325,3.785787,4.063825,0.17366827,-7.6028
0.947473,71.0605,1.573723,3.907484,4.212486,0.18374180,-7.3579
0.949474,71.2106,1.679843,4.034551,4.370294,0.19467375,-7.1069
0.951475,71.3607,1.796947,4.167145,4.538074,0.20655028,-6.8497
0.953476,71.5107,1.926498,4.305371,4.716737,0.21946587,-6.5863
0.955477,71.6608,2.070182,4.449252,4.907290,0.23352361,-6.3167
0.957478,71.8109,2.229951,4.598696,5.110840,0.24883515,-6.0409
0.959479,71.9610,2.408065,4.753444,5.328602,0.26552020,-5.7590
0.961480,72.1110,2.607131,4.913006,5.561902,0.28370544,-5.4713
0.963481,72.2611,2.830163,5.076570,5.812176,0.30352239,-5.1781
0.965482,72.4112,3.080620,5.242884,6.080958,0.32510396,-4.8798
0.967483,72.5613,3.362455,5.410092,6.369867,0.34857918,-4.5770
0.969484,72.7113,3.680135,5.575523,6.680558,0.37406537,-4.2705
0.971485,72.8614,4.038636,5.735411,7.014664,0.40165721,-3.9614
0.973486,73.0115,4.443366,5.884532,7.373684,0.43141163,-3.6511
0.975487,73.1616,4.899986,6.015757,7.758814,0.46332807,-3.3411
0.977488,73.3116,5.414055,6.119513,8.170706,0.49732328,-3.0336
0.979489,73.4617,5.990410,6.183173,8.609102,0.53320114,-2.7311
0.981490,73.6118,6.632152,6.190473,9.072343,0.57061846,-2.4365
0.983491,73.7619,7.339125,6.121108,9.556710,0.60905005,-2.1535
0.985492,73.9119,8.105769,5.950811,10.055627,0.64775867,-1.8859
0.987493,74.0620,8.918423,5.652392,10.558779,0.68577818,-1.6382
0.989494,74.2121,9.752416,5.198337,11.051350,0.72192095,-1.4151
0.991495,74.3622,10.569849,4.565499,11.513709,0.75482053,-1.2216
0.993496,74.5122,11.319570,3.741892,11.922014,0.78301749,-1.0623
0.995497,74.6623,11.941127,2.734419,12.250206,0.80508768,-0.9416
0.997498,74.8124,12.373713,1.574805,12.473524,0.81979944,-0.8629
0.999499,74.9625,12.568925,0.320109,12.573000,0.82627272,-0.8288
1.001501,75.1125,12.503214,-0.954618,12.539603,0.82410496,-0.8402
1.003502,75.2626,12.184627,-2.170321,12.376406,0.81343202,-0.8968
1.005503,75.4127,11.650455,-3.259526,12.097835,0.79490739,-0.9968
1.007504,75.5628,10.957002,-4.177434,11.726332,0.76960550,-1.1373
1.009505,75.7128,10.166317,-4.905210,11.287829,0.73887473,-1.3143
1.011506,75.8629,9.335005,-5.446326,10.807626,0.70417521,-1.5232
1.013507,76.0130,8.507800,-5.819299,10.307613,0.66693342,-1.7592
1.015508,76.1631,7.715809,-6.050186,9.805022,0.62843438,-2.0174
1.017509,76.3131,6.977853,-6.166786,9.312341,0.58975791,-2.2933
1.019510,76.4632,6.303180,-6.195042,8.837908,0.55175490,-2.5825
1.021511,76.6133,5.694341,-6.157296,8.386764,0.51505344,-2.8815
1.023512,76.7634,5.149639,-6.071805,7.961507,0.48008355,-3.1868
1.025513,76.9134,4.664948,-5.952949,7.563024,0.44711052,-3.4959
1.027514,77.0635,4.234973,-5.811749,7.191065,0.41626996,-3.8062
1.029515,77.2136,3.854044,-5.656487,6.844670,0.38760034,-4.1162
1.031516,77.3637,3.516595,-5.493277,6.522463,0.36107067,-4.4241
1.033517,77.5137,3.217419,-5.326563,6.222866,0.33660302,-4.7288
1.035518,77.6638,2.951791,-5.159524,5.944221,0.31408977,-5.0295
1.037519,77.8139,2.715502,-4.994395,5.684886,0.29340658,-5.3253
1.039520,77.9640,2.504850,-4.832705,5.443281,0.27442171,-5.6158
1.041521,78.1140,2.316605,-4.675470,5.217919,0.25700238,-5.9006
1.043522,78.2641,2.147962,-4.523328,5.007418,0.24101918,-6.1795
1.045523,78.4142,1.996494,-4.376643,4.810509,0.22634871,-6.4522
1.047524,78.5643,1.860099,-4.235585,4.626029,0.21287518,-6.7187
1.049525,78.7143,1.736965,-4.100182,4.452925,0.20049121,-6.9790
1.051526,78.8644,1.625520,-3.970367,4.290237,0.18909801,-7.2331
1.053527,79.0145,1.524405,-3.846006,4.137098,0.17860532,-7.4811
1.055528,79.1646,1.432443,-3.726921,3.992723,0.16893099,-7.7229
1.057529,79.3146,1.348609,-3.612906,3.856402,0.16000054,-7.9588
1.059530,79.4647,1.272012,-3.503739,3.727492,0.15174658,-8.1888
1.061531,79.6148,1.201874,-3.399191,3.605413,0.14410824,-8.4131
1.063532,79.7649,1.137514,-3.299034,3.489636,0.13703060,-8.6318
1.065533,79.9149,1.078338,-3.203039,3.379685,0.13046411,-8.8451
1.067534,80.0650,1.023820,-3.110987,3.275125,0.12436411,-9.0530
1.069535,80.2151,0.973500,-3.022664,3.175563,0.11869031,-9.2558
1.071536,80.3652,0.926971,-2.937867,3.080639,0.11340634,-9.4536
1.073537,80.5152,0.883873,-2.856400,2.990026,0.10847940,-9.6465
1.075538,80.6653,0.843885,-2.778082,2.903426,0.10387983,-9.8347
1.077539,80.8154,0.806725,-2.702736,2.820565,0.09958083,-10.0182
1.079540,80.9655,0.772138,-2.630199,2.741194,0.09555811,-10.1973
1.081541,81.1155,0.739899,-2.560317,2.665084,0.09178971,-10.3721
1.083542,81.2656,0.709807,-2.492943,2.592024,0.08825568,-10.5426
1.085543,81.4157,0.681679,-2.427942,2.521822,0.08493792,-10.7090
1.087544,81.5658,0.655353,-2.365184,2.454299,0.08181997,-10.8714
1.089545,81.7158,0.630683,-2.304551,2.389292,0.07888686,-11.0300
1.091546,81.8659,0.607537,-2.245928,2.326649,0.07612493,-11.1847
1.093547,82.0160,0.585795,-2.189210,2.266230,0.07352174,-11.3358
1.095548,82.1661,0.565350,-2.134297,2.207905,0.07106592,-11.4834
1.097549,82.3161,0.546103,-2.081096,2.151555,0.06874707,-11.6275
1.099550,82.4662,0.527966,-2.029519,2.097068,0.06655568,-11.7681
1.101551,82.6163,0.510857,-1.979484,2.044341,0.06448301,-11.9055
1.103552,82.7664,0.494703,-1.930913,1.993278,0.06252108,-12.0397
1.105553,82.9164,0.479437,-1.883734,1.943789,0.06066252,-12.1708
1.107554,83.0665,0.464998,-1.837878,1.895790,0.05890057,-12.2988
1.109555,83.2166,0.451329,-1.793281,1.849204,0.05722901,-12.4238
1.111556,83.3667,0.438378,-1.749882,1.803957,0.05564209,-12.5460
1.113557,83.5167,0.426099,-1.707623,1.759982,0.05413454,-12.6653
1.115558,83.6668,0.414448,-1.666452,1.717216,0.05270144,-12.7818
1.117559,83.8169,0.403384,-1.626317,1.675597,0.05133829,-12.8956
1.119560,83.9670,0.392872,-1.587170,1.635071,0.05004090,-13.0067
1.121561,84.1170,0.382878,-1.548966,1.595584,0.04880540,-13.1153
1.123562,84.2671,0.373369,-1.511661,1.557088,0.04762818,-13.2214
1.125563,84.4172,0.364316,-1.475216,1.519535,0.04650592,-13.3249
1.127564,84.5673,0.355694,-1.439591,1.482882,0.04543552,-13.4260
1.129565,84.7173,0.347477,-1.404751,1.447088,0.04441409,-13.5248
1.131566,84.8674,0.339643,-1.370660,1.412114,0.04343895,-13.6212
1.133567,85.0175,0.332168,-1.337287,1.377924,0.04250761,-13.7153
1.135568,85.1676,0.325035,-1.304600,1.344481,0.04161774,-13.8072
1.137569,85.3176,0.318224,-1.272570,1.311755,0.04076717,-13.8969
1.139570,85.4677,0.311719,-1.241168,1.279713,0.03995386,-13.9844
1.141571,85.6178,0.305502,-1.210368,1.248328,0.03917594,-14.0698
1.143572,85.7679,0.299560,-1.180144,1.217570,0.03843161,-14.1531
1.145573,85.9179,0.293877,-1.150473,1.187414,0.03771924,-14.2344
1.147574,86.0680,0.288442,-1.121331,1.157835,0.03703726,-14.3136
1.149575,86.2181,0.283242,-1.092696,1.128809,0.03638422,-14.3909
1.151576,86.3682,0.278266,-1.064547,1.100315,0.03575876,-14.4662
1.153577,86.5182,0.273502,-1.036865,1.072330,0.03515961,-14.5396
1.155578,86.6683,0.268941,-1.009629,1.044835,0.03458555,-14.6111
1.157579,86.8184,0.264574,-0.982822,1.017811,0.03403548,-14.6807
1.159580,86.9685,0.260391,-0.956426,0.991239,0.03350832,-14.7485
1.161581,87.1185,0.256385,-0.930425,0.965103,0.03300308,-14.8145
1.163582,87.2686,0.252548,-0.904802,0.939386,0.03251882,-14.8787
1.165583,87.4187,0.248872,-0.879541,0.914073,0.03205468,-14.9411
1.167584,87.5688,0.245350,-0.854629,0.889150,0.03160980,-15.0018
1.169585,87.7188,0.241977,-0.830050,0.864601,0.03118343,-15.0608
1.171586,87.8689,0.238747,-0.805791,0.840416,0.03077481,-15.1180
1.173587,88.0190,0.235652,-0.781839,0.816580,0.03038326,-15.1737
1.175588,88.1691,0.232689,-0.758181,0.793084,0.03000813,-15.2276
1.177589,88.3191,0.229852,-0.734805,0.769915,0.02964879,-15.2799
1.179590,88.4692,0.227136,-0.711699,0.747065,0.02930467,-15.3306
1.181591,88.6193,0.224537,-0.688852,0.724523,0.02897522,-15.3797
1.183592,88.7694,0.222050,-0.666253,0.702282,0.02865993,-15.4272
1.185593,88.9194,0.219673,-0.643891,0.680332,0.02835830,-15.4732
1.187594,89.0695,0.217400,-0.621757,0.658668,0.02806988,-15.5176
1.189595,89.2196,0.215228,-0.599839,0.637283,0.02779423,-15.5605
1.191596,89.3697,0.213155,-0.578129,0.616172,0.02753095,-15.6018
1.193597,89.5197,0.211177,-0.556617,0.595331,0.02727965,-15.6416
1.195598,89.6698,0.209291,-0.535295,0.574755,0.02703996,-15.6799
1.197599,89.8199,0.207494,-0.514153,0.554443,0.02681155,-15.7168
1.199600,89.9700,0.205783,-0.493183,0.534393,0.02659408,-15.7521
1.201601,90.1200,0.204157,-0.472376,0.514606,0.02638727,-15.7861
1.203602,90.2701,0.202612,-0.451725,0.495083,0.02619081,-15.8185
1.205603,90.4202,0.201148,-0.431222,0.475829,0.02600445,-15.8495
1.207604,90.5703,0.199761,-0.410859,0.456848,0.02582794,-15.8791
1.209605,90.7203,0.198449,-0.390629,0.438148,0.02566102,-15.9073
1.211606,90.8704,0.197212,-0.370524,0.419739,0.02550349,-15.9340
1.213607,91.0205,0.196047,-0.350537,0.401635,0.02535514,-15.9593
1.215608,91.1706,0.194953,-0.330662,0.383854,0.02521576,-15.9833
1.217609,91.3206,0.193928,-0.310890,0.366416,0.02508519,-16.0058
1.219610,91.4707,0.192971,-0.291217,0.349349,0.02496325,-16.0270
1.221611,91.6208,0.192080,-0.271634,0.332686,0.02484980,-16.0468
1.223612,91.7709,0.191255,-0.252136,0.316467,0.02474467,-16.0652
1.225613,91.9209,0.190495,-0.232716,0.300741,0.02464775,-16.0822
1.227614,92.0710,0.189798,-0.213368,0.285568,0.02455890,-16.0979
1.229615,92.2211,0.189163,-0.194085,0.271020,0.02447803,-16.1122
1.231616,92.3712,0.188591,-0.174862,0.257183,0.02440502,-16.1252
1.233617,92.5212,0.188079,-0.155693,0.244160,0.02433980,-16.1368
1.235618,92.6713,0.187628,-0.136571,0.232069,0.02428227,-16.1471
1.237619,92.8214,0.187237,-0.117491,0.221047,0.02423237,-16.1560
1.239620,92.9715,0.186905,-0.098446,0.211246,0.02419004,-16.1636
1.241621,93.1215,0.186632,-0.079431,0.202832,0.02415522,-16.1699
1.243622,93.2716,0.186417,-0.060441,0.195971,0.02412788,-16.1748
1.245623,93.4217,0.186261,-0.041468,0.190822,0.02410798,-16.1784
1.247624,93.5718,0.186163,-0.022508,0.187519,0.02409549,-16.1806
1.249625,93.7218,0.186124,-0.003555,0.186157,0.02409041,-16.1816
1.251626,93.8719,0.186142,0.015397,0.186777,0.02409272,-16.1811
1.253627,94.0220,0.186218,0.034354,0.189360,0.02410243,-16.1794
1.255628,94.1721,0.186352,0.053321,0.193830,0.02411954,-16.1763
1.257629,94.3221,0.186544,0.072304,0.200067,0.02414409,-16.1719
1.259630,94.4722,0.186795,0.091309,0.207918,0.02417610,-16.1661
1.261631,94.6223,0.187105,0.110342,0.217218,0.02421560,-16.1590
1.263632,94.7724,0.187474,0.129408,0.227800,0.02426266,-16.1506
1.265633,94.9224,0.187903,0.148513,0.239507,0.02431731,-16.1408
1.267634,95.0725,0.188392,0.167664,0.252196,0.02437964,-16.1297
1.269635,95.2226,0.188941,0.186867,0.265740,0.02444972,-16.1173
1.271636,95.3727,0.189552,0.206126,0.280032,0.02452763,-16.1034
1.273637,95.5227,0.190226,0.225449,0.294980,0.02461347,-16.0883
1.275638,95.6728,0.190962,0.244841,0.310506,0.02470735,-16.0717
1.277639,95.8229,0.191763,0.264309,0.326546,0.02480938,-16.0538
1.279640,95.9730,0.192629,0.283859,0.343048,0.02491970,-16.0346
1.281641,96.1230,0.193561,0.303498,0.359968,0.02503844,-16.0139
1.283642,96.2731,0.194560,0.323232,0.377270,0.02516575,-15.9919
1.285643,96.4232,0.195628,0.343068,0.394925,0.02530180,-15.9685
1.287644,96.5733,0.196767,0.363012,0.412910,0.02544677,-15.9437
1.289645,96.7233,0.197977,0.383072,0.431206,0.02560083,-15.9175
1.291646,96.8734,0.199260,0.403254,0.449798,0.02576420,-15.8898
1.293647,97.0235,0.200618,0.423566,0.468675,0.02593709,-15.8608
1.295648,97.1736,0.202054,0.444016,0.487828,0.02611973,-15.8303
1.297649,97.3236,0.203568,0.464610,0.507250,0.02631236,-15.7984
1.299650,97.4737,0.205163,0.485358,0.526938,0.02651526,-15.7650
1.301651,97.6238,0.206842,0.506265,0.546889,0.02672869,-15.7302
1.303652,97.7739,0.208606,0.527342,0.567103,0.02695296,-15.6939
1.305653,97.9239,0.210459,0.548596,0.587580,0.02718838,-15.6562
1.307654,98.0740,0.212402,0.570035,0.608321,0.02743528,-15.6169
1.309655,98.2241,0.214439,0.591670,0.629331,0.02769402,-15.5761
1.311656,98.3742,0.216573,0.613509,0.650613,0.02796499,-15.5339
1.313657,98.5242,0.218808,0.635561,0.672171,0.02824857,-15.4900
1.315658,98.6743,0.221146,0.657836,0.694013,0.02854519,-15.4447
1.317659,98.8244,0.223591,0.680345,0.716144,0.02885530,-15.3977
1.319660,98.9745,0.226147,0.703097,0.738572,0.02917938,-15.3492
1.321661,99.1245,0.228819,0.726105,0.761306,0.02951793,-15.2991
1.323662,99.2746,0.231610,0.749378,0.784354,0.02987149,-15.2474
1.325663,99.4247,0.234525,0.772929,0.807726,0.03024063,-15.1941
1.327664,99.5748,0.237570,0.796769,0.831433,0.03062594,-15.1391
1.329665,99.7248,0.240749,0.820911,0.855485,0.03102808,-15.0825
1.331666,99.8749,0.244068,0.845369,0.879896,0.03144771,-15.0241
1.333667,100.0250,0.247533,0.870154,0.904677,0.03188555,-14.9641
1.335668,100.1751,0.251150,0.895283,0.929843,0.03234237,-14.9023
1.337669,100.3252,0.254926,0.920768,0.955406,0.03281898,-14.8387
1.339670,100.4752,0.258868,0.946626,0.981383,0.03331624,-14.7734
1.341671,100.6253,0.262983,0.972872,1.007789,0.03383506,-14.7063
1.343672,100.7754,0.267280,0.999522,1.034642,0.03437642,-14.6374
1.345673,100.9255,0.271767,1.026595,1.061958,0.03494135,-14.5666
1.347674,101.0755,0.276454,1.054108,1.089757,0.03553095,-14.4939
1.349675,101.2256,0.281349,1.082079,1.118058,0.03614639,-14.4194
1.351676,101.3757,0.286464,1.110529,1.146881,0.03678893,-14.3428
1.353677,101.5258,0.291810,1.139478,1.176250,0.03745988,-14.2643
1.355678,101.6758,0.297398,1.168949,1.206187,0.03816068,-14.1838
1.357679,101.8259,0.303241,1.198962,1.236716,0.03889283,-14.1013
1.359680,101.9760,0.309353,1.229543,1.267863,0.03965795,-14.0167
1.361681,102.1261,0.315749,1.260716,1.299655,0.04045776,-13.9300
1.363682,102.2761,0.322443,1.292507,1.332121,0.04129412,-13.8411
1.365683,102.4262,0.329453,1.324945,1.365290,0.04216900,-13.7501
1.367684,102.5763,0.336797,1.358057,1.399197,0.04308452,-13.6568
1.369685,102.7264,0.344494,1.391874,1.433873,0.04404294,-13.5612
1.371686,102.8764,0.352565,1.426429,1.469354,0.04504670,-13.4634
1.373687,103.0265,0.361032,1.461755,1.505680,0.04609840,-13.3631
1.375688,103.1766,0.369920,1.497888,1.542890,0.04720085,-13.2605
1.377689,103.3267,0.379255,1.534866,1.581027,0.04835707,-13.1554
1.379690,103.4767,0.389064,1.572728,1.620137,0.04957030,-13.0478
1.381691,103.6268,0.399378,1.611516,1.660267,0.05084404,-12.9376
1.383692,103.7769,0.410230,1.651275,1.701469,0.05218204,-12.8248
1.385693,103.9270,0.421656,1.692052,1.743799,0.05358838,-12.7093
1.387694,104.0770,0.433695,1.733896,1.787313,0.05506745,-12.5911
1.389695,104.2271,0.446388,1.776861,1.832074,0.05662399,-12.4700
1.391696,104.3772,0.459782,1.821002,1.878150,0.05826314,-12.3461
1.393697,104.5273,0.473926,1.866378,1.925610,0.05999048,-12.2192
1.395698,104.6773,0.488875,1.913053,1.974530,0.06181203,-12.0893
1.397699,104.8274,0.504688,1.961093,2.024993,0.06373435,-11.9563
1.399700,104.9775,0.521430,2.010570,2.077085,0.06576457,-11.8201
1.401701,105.1276,0.539173,2.061559,2.130900,0.06791043,-11.6806
1.403702,105.2776,0.557993,2.114141,2.186538,0.07018039,-11.5378
1.405703,105.4277,0.577978,2.168401,2.244108,0.07258365,-11.3916
1.407704,105.5778,0.599221,2.224430,2.303727,0.07513027,-11.2419
1.409705,105.7279,0.621827,2.282326,2.365520,0.07783125,-11.0885
1.411706,105.8779,0.645911,2.342193,2.429623,0.08069860,-10.9313
1.413707,106.0280,0.671599,2.404140,2.496183,0.08374552,-10.7704
1.415708,106.1781,0.699032,2.468284,2.565360,0.08698647,-10.6055
1.417709,106.3282,0.728367,2.534752,2.637326,0.09043733,-10.4365
1.419710,106.4782,0.759778,2.603677,2.712268,0.09411556,-10.2634
1.421711,106.6283,0.793459,2.675200,2.790389,0.09804040,-10.0859
1.423712,106.7784,0.829626,2.749473,2.871913,0.10223303,-9.9041
1.425713,106.9285,0.868521,2.826657,2.957079,0.10671683,-9.7177
1.427714,107.0785,0.910417,2.906921,3.046153,0.11151763,-9.5266
1.429715,107.2286,0.955619,2.990446,3.139423,0.11666397,-9.3306
1.431716,107.3787,1.004472,3.077423,3.237205,0.12218745,-9.1297
1.433717,107.5288,1.057363,3.168052,3.339846,0.12812305,-8.9237
1.435718,107.6788,1.114734,3.262542,3.447725,0.13450952,-8.7125
1.437719,107.8289,1.177083,3.361111,3.561263,0.14138985,-8.4958
1.439720,107.9790,1.244978,3.463985,3.680918,0.14881168,-8.2736
1.441721,108.1291,1.319067,3.571392,3.807200,0.15682787,-8.0458
1.443722,108.2791,1.400088,3.683561,3.940669,0.16549697,-7.8121
1.445723,108.4292,1.488888,3.800719,4.081943,0.17488387,-7.5725
1.447724,108.5793,1.586439,3.923078,4.231706,0.18506032,-7.3269
1.449725,108.7294,1.693859,4.050828,4.390714,0.19610552,-7.0751
1.451726,108.8794,1.812436,4.184122,4.559803,0.20810666,-6.8171
1.453727,109.0295,1.943657,4.323056,4.739896,0.22115927,-6.5529
1.455728,109.1796,2.089240,4.467641,4.932012,0.23536754,-6.2825
1.457729,109.3297,2.251173,4.617767,5.137271,0.25084414,-6.0060
1.459730,109.4797,2.431756,4.773149,5.356901,0.26770975,-5.7234
1.461731,109.6298,2.633647,4.933263,5.592243,0.28609180,-5.4349
1.463732,109.7799,2.859909,5.097251,5.844745,0.30612218,-5.1411
1.465733,109.9300,3.114064,5.263792,6.115955,0.32793367,-4.8421
1.467734,110.0800,3.400127,5.430944,6.407497,0.35165431,-4.5388
1.469735,110.2301,3.722630,5.595914,6.721029,0.37739927,-4.2320
1.471736,110.3802,4.086609,5.754775,7.058173,0.40525942,-3.9227
1.473737,110.5303,4.497516,5.902093,7.420401,0.43528570,-3.6123
1.475738,110.6803,4.961024,6.030463,7.808857,0.46746867,-3.3025
1.477739,110.8304,5.482642,6.129965,8.224101,0.50171273,-2.9954
1.479740,110.9805,6.067055,6.187546,8.665730,0.53780531,-2.6937
1.481741,111.1306,6.717051,6.186454,9.131867,0.57538230,-2.4004
1.483742,111.2806,7.431929,6.105869,9.618482,0.61389349,-2.1191
1.485743,111.4307,8.205273,5.921076,10.118579,0.65257352,-1.8537
1.487744,111.5808,9.022201,5.604663,10.621317,0.69042754,-1.6088
1.489745,111.7309,9.856481,5.129359,11.111280,0.72624239,-1.3892
1.491746,111.8809,10.668493,4.473005,11.568255,0.75863436,-1.1997
1.493747,112.0310,11.405607,3.625558,11.967980,0.78614064,-1.0450
1.495748,112.1811,12.006734,2.596777,12.284336,0.80735220,-0.9294
1.497749,112.3312,12.411880,1.421678,12.493035,0.82107299,-0.8562
1.499750,112.4812,12.575130,0.160134,12.576150,0.82647684,-0.8277
1.501751,112.6313,12.476692,-1.111441,12.526099,0.82322681,-0.8448
1.503752,112.7814,12.128591,-2.314627,12.347478,0.81152633,-0.9070
1.505753,112.9315,11.571173,-3.384327,12.055941,0.79208816,-1.0123
1.507754,113.0815,10.862186,-4.278971,11.674617,0.76602971,-1.1575
1.509755,113.2316,10.063526,-4.982828,11.229565,0.73472214,-1.3388
1.511756,113.3817,9.230559,-5.501680,10.745776,0.69962867,-1.5513
1.513757,113.5318,8.406330,-5.855375,10.244599,0.66216312,-1.7904
1.515758,113.6818,7.620292,-6.070461,9.742656,0.62358743,-2.0510
1.517759,113.8319,6.889909,-6.174657,9.251877,0.58495336,-2.3288
1.519760,113.9820,6.223438,-6.193518,8.780139,0.54708311,-2.6195
1.521761,114.1321,5.622778,-6.148886,8.332132,0.51057840,-2.9194
1.523762,114.2821,5.085840,-6.058510,7.910204,0.47584672,-3.2253
1.525763,114.4322,4.608296,-5.936318,7.515069,0.44313525,-3.5346
1.527764,114.5823,4.184766,-5.792957,7.146371,0.41256576,-3.8451
1.529765,114.7324,3.809574,-5.636405,6.803081,0.38416662,-4.1548
1.531766,114.8824,3.477187,-5.472543,6.483792,0.35789986,-4.4624
1.533767,115.0325,3.182455,-5.305636,6.186905,0.33368296,-4.7667
1.535768,115.1826,2.920716,-5.138731,5.910765,0.31140561,-5.0667
1.537769,115.3327,2.687825,-4.973960,5.653732,0.29094211,-5.3619
1.539770,115.4827,2.480143,-4.812781,5.414238,0.27216025,-5.6518
1.541771,115.6328,2.294495,-4.656154,5.190807,0.25492751,-5.9358
1.543772,115.7829,2.128126,-4.504679,4.982074,0.23911509,-6.2139
1.545773,115.9330,1.978651,-4.358693,4.786780,0.22460048,-6.4859
1.547774,116.0830,1.844009,-4.218342,4.603779,0.21126891,-6.7516
1.549775,116.2331,1.722417,-4.083644,4.432027,0.19901407,-7.0112
1.551776,116.3832,1.612335,-3.954519,4.270579,0.18773826,-7.2645
1.553777,116.5333,1.512426,-3.830829,4.118578,0.17735225,-7.5116
1.555778,116.6833,1.421534,-3.712389,3.975247,0.16777487,-7.7527
1.557779,116.8334,1.338651,-3.598992,3.839887,0.15893257,-7.9879
1.559780,116.9835,1.262902,-3.490416,3.711862,0.15075881,-8.2172
1.561781,117.1336,1.193522,-3.386430,3.590599,0.14319348,-8.4408
1.563782,117.2836,1.129841,-3.286805,3.475576,0.13618237,-8.6588
1.565783,117.4337,1.071275,-3.191316,3.366322,0.12967657,-8.8714
1.567784,117.5838,1.017306,-3.099741,3.262408,0.12363200,-9.0787
1.569785,117.7339,0.967482,-3.011870,3.163445,0.11800886,-9.2809
1.571786,117.8839,0.921401,-2.927500,3.069077,0.11277127,-9.4780
1.573787,118.0340,0.878708,-2.846437,2.978982,0.10788683,-9.6703
1.575788,118.1841,0.839089,-2.768499,2.892863,0.10332627,-9.8579
1.577789,118.3342,0.802263,-2.693514,2.810452,0.09906309,-10.0409
1.579790,118.4842,0.767982,-2.621317,2.731501,0.09507334,-10.2194
1.581791,118.6343,0.736022,-2.551756,2.655784,0.09133530,-10.3936
1.583792,118.7844,0.706185,-2.484687,2.583092,0.08782928,-10.5636
1.585793,118.9345,0.678291,-2.419973,2.513234,0.08453737,-10.7295
1.587794,119.0845,0.652180,-2.357488,2.446035,0.08144333,-10.8914
1.589795,119.2346,0.627708,-2.297112,2.381331,0.07853235,-11.0495
1.591796,119.3847,0.604744,-2.238733,2.318974,0.07579093,-11.2038
1.593797,119.5348,0.583170,-2.182246,2.258823,0.07320677,-11.3545
1.595798,119.6848,0.562879,-2.127552,2.200752,0.07076863,-11.5016
1.597799,119.8349,0.543776,-2.074558,2.144641,0.06846622,-11.6452
1.599800,119.9850,0.525771,-2.023179,2.090380,0.06629014,-11.7855
1.601801,120.1351,0.508786,-1.973331,2.037866,0.06423175,-11.9225
1.603802,120.2851,0.492747,-1.924938,1.987004,0.06228313,-12.0563
1.605803,120.4352,0.477588,-1.877928,1.937706,0.06043701,-12.1870
1.607804,120.5853,0.463247,-1.832233,1.889888,0.05868670,-12.3146
1.609805,120.7354,0.449671,-1.787789,1.843473,0.05702603,-12.4393
1.611806,120.8854,0.436807,-1.744536,1.798389,0.05544932,-12.5610
1.613807,121.0355,0.424608,-1.702416,1.754569,0.05395133,-12.6800
1.615808,121.1856,0.413033,-1.661377,1.711949,0.05252723,-12.7962
1.617809,121.3357,0.402040,-1.621368,1.670470,0.05117252,-12.9096
1.619810,121.4857,0.391595,-1.582341,1.630077,0.04988308,-13.0205
1.621811,121.6358,0.381662,-1.544252,1.590717,0.04865505,-13.1287
1.623812,121.7859,0.372212,-1.507057,1.552341,0.04748489,-13.2344
1.625813,121.9360,0.363215,-1.470716,1.514903,0.04636928,-13.3377
1.627814,122.0860,0.354645,-1.435192,1.478360,0.04530515,-13.4385
1.629815,122.2361,0.346477,-1.400447,1.442670,0.04428966,-13.5370
1.631816,122.3862,0.338688,-1.366448,1.407796,0.04332013,-13.6331
1.633817,122.5363,0.331258,-1.333162,1.373701,0.04239410,-13.7269
1.635818,122.6863,0.324166,-1.300559,1.340350,0.04150926,-13.8186
1.637819,122.8364,0.317394,-1.268609,1.307711,0.04066346,-13.9080
1.639820,122.9865,0.310926,-1.237284,1.275753,0.03985468,-13.9952
1.641821,123.1366,0.304744,-1.206557,1.244447,0.03908105,-14.0803
1.643822,123.2866,0.298835,-1.176404,1.213766,0.03834081,-14.1634
1.645823,123.4367,0.293184,-1.146800,1.183684,0.03763231,-14.2444
1.647824,123.5868,0.287779,-1.117722,1.154175,0.03695403,-14.3234
1.649825,123.7369,0.282608,-1.089149,1.125217,0.03630452,-14.4004
1.651826,123.8869,0.277658,-1.061060,1.096787,0.03568242,-14.4755
1.653827,124.0370,0.272921,-1.033435,1.068865,0.03508646,-14.5486
1.655828,124.1871,0.268384,-1.006254,1.041430,0.03451547,-14.6199
1.657829,124.3372,0.264041,-0.979499,1.014463,0.03396832,-14.6893
1.659830,124.4872,0.259881,-0.953153,0.987947,0.03344395,-14.7568
1.661831,124.6373,0.255896,-0.927200,0.961864,0.03294139,-14.8226
1.663832,124.7874,0.252079,-0.901623,0.936199,0.03245969,-14.8866
1.665833,124.9375,0.248423,-0.876407,0.910935,0.03199800,-14.9488
1.667834,125.0875,0.244921,-0.851537,0.886059,0.03155548,-15.0093
1.669835,125.2376,0.241566,-0.826999,0.861557,0.03113137,-15.0680
1.671836,125.3877,0.238352,-0.802779,0.837416,0.03072492,-15.1251
1.673837,125.5378,0.235274,-0.778864,0.813624,0.03033546,-15.1805
1.675838,125.6878,0.232327,-0.755242,0.790169,0.02996234,-15.2342
1.677839,125.8379,0.229505,-0.731901,0.767041,0.02960493,-15.2864
1.679840,125.9880,0.226804,-0.708828,0.744229,0.02926268,-15.3369
1.681841,126.1381,0.224220,-0.686012,0.721725,0.02893503,-15.3858
1.683842,126.2881,0.221747,-0.663444,0.699521,0.02862147,-15.4331
1.685843,126.4382,0.219383,-0.641111,0.677608,0.02832152,-15.4788
1.687844,126.5883,0.217123,-0.619004,0.655979,0.02803472,-15.5230
1.689845,126.7384,0.214964,-0.597113,0.634628,0.02776064,-15.5657
1.691846,126.8884,0.212903,-0.575428,0.613551,0.02749887,-15.6069
1.693847,127.0385,0.210936,-0.553941,0.592743,0.02724904,-15.6465
1.695848,127.1886,0.209061,-0.532641,0.572200,0.02701078,-15.6846
1.697849,127.3387,0.207275,-0.511521,0.551921,0.02678376,-15.7213
1.699850,127.4887,0.205575,-0.490572,0.531904,0.02656764,-15.7565
1.701851,127.6388,0.203959,-0.469785,0.512150,0.02636214,-15.7902
1.703852,127.7889,0.202425,-0.449153,0.492661,0.02616696,-15.8225
1.705853,127.9390,0.200970,-0.428668,0.473440,0.02598185,-15.8533
1.707854,128.0890,0.199593,-0.408322,0.454493,0.02580654,-15.8827
1.709855,128.2391,0.198291,-0.388108,0.435829,0.02564081,-15.9107
1.711856,128.3892,0.197062,-0.368018,0.417458,0.02548444,-15.9372
1.713857,128.5393,0.195906,-0.348046,0.399393,0.02533722,-15.9624
1.715858,128.6893,0.194821,-0.328183,0.381654,0.02519896,-15.9862
1.717859,128.8394,0.193804,-0.308425,0.364261,0.02506947,-16.0085
1.719860,128.9895,0.192856,-0.288763,0.347242,0.02494860,-16.0295
1.721861,129.1396,0.191973,-0.269191,0.330632,0.02483619,-16.0491
1.723862,129.2896,0.191157,-0.249703,0.314472,0.02473210,-16.0674
1.725863,129.4397,0.190404,-0.230292,0.298811,0.02463619,-16.0843
1.727864,129.5898,0.189715,-0.210953,0.283713,0.02454835,-16.0998
1.729865,129.7399,0.189088,-0.191678,0.269249,0.02446847,-16.1139
1.731866,129.8899,0.188523,-0.172462,0.255508,0.02439644,-16.1267
1.733867,130.0400,0.188019,-0.153299,0.242594,0.02433218,-16.1382
1.735868,130.1901,0.187576,-0.134183,0.230629,0.02427561,-16.1483
1.737869,130.3402,0.187192,-0.115107,0.219751,0.02422666,-16.1571
1.739870,130.4902,0.186867,-0.096067,0.210115,0.02418527,-16.1645
1.741871,130.6403,0.186602,-0.077055,0.201885,0.02415140,-16.1706
1.743872,130.7904,0.186395,-0.058067,0.195230,0.02412499,-16.1753
1.745873,130.9405,0.186246,-0.039096,0.190305,0.02410601,-16.1787
1.747874,131.0905,0.186155,-0.020138,0.187241,0.02409445,-16.1808
1.749875,131.2406,0.186123,-0.001185,0.186126,0.02409029,-16.1816
1.751876,131.3907,0.186148,0.017767,0.186994,0.02409353,-16.1810
1.753877,131.5408,0.186231,0.036725,0.189818,0.02410416,-16.1791
1.755878,131.6908,0.186373,0.055694,0.194516,0.02412221,-16.1758
1.757879,131.8409,0.186573,0.074679,0.200964,0.02414768,-16.1712
1.759880,131.9910,0.186831,0.093687,0.209005,0.02418063,-16.1653
1.761881,132.1411,0.187148,0.112724,0.218475,0.02422107,-16.1581
1.763882,132.2911,0.187524,0.131795,0.229206,0.02426908,-16.1495
1.765883,132.4412,0.187961,0.150906,0.241043,0.02432469,-16.1395
1.767884,132.5913,0.188457,0.170063,0.253845,0.02438798,-16.1282
1.769885,132.7414,0.189014,0.189272,0.267489,0.02445903,-16.1156
1.771886,132.8914,0.189633,0.208539,0.281867,0.02453793,-16.1016
1.773887,133.0415,0.190314,0.227870,0.296891,0.02462477,-16.0863
1.775888,133.1916,0.191059,0.247271,0.312485,0.02471966,-16.0696
1.777889,133.3417,0.191868,0.266749,0.328586,0.02482272,-16.0515
1.779890,133.4917,0.192742,0.286310,0.345142,0.02493409,-16.0321
1.781891,133.6418,0.193682,0.305961,0.362111,0.02505389,-16.0112
1.783892,133.7919,0.194690,0.325707,0.379459,0.02518229,-15.9890
1.785893,133.9420,0.195767,0.345556,0.397157,0.02531944,-15.9655
1.787894,134.0920,0.196914,0.365514,0.415181,0.02546553,-15.9405
1.789895,134.2421,0.198133,0.385589,0.433515,0.02562075,-15.9141
1.791896,134.3922,0.199426,0.405787,0.452144,0.02578529,-15.8863
1.793897,134.5423,0.200794,0.426116,0.471055,0.02595939,-15.8571
1.795898,134.6923,0.202239,0.446584,0.490242,0.02614326,-15.8264
1.797899,134.8424,0.203763,0.467197,0.509698,0.02633717,-15.7943
1.799900,134.9925,0.205369,0.487963,0.529419,0.02654137,-15.7608
1.801901,135.1426,0.207058,0.508892,0.549403,0.02675614,-15.7258
1.803902,135.2926,0.208833,0.529990,0.569650,0.02698178,-15.6893
1.805903,135.4427,0.210697,0.551267,0.590159,0.02721862,-15.6513
1.807904,135.5928,0.212652,0.572730,0.610934,0.02746698,-15.6119
1.809905,135.7429,0.214701,0.594390,0.631978,0.02772724,-15.5709
1.811906,135.8929,0.216847,0.616255,0.653294,0.02799975,-15.5285
1.813907,136.0430,0.219094,0.638334,0.674887,0.02828494,-15.4844
1.815908,136.1931,0.221446,0.660638,0.696764,0.02858322,-15.4389
1.817909,136.3432,0.223904,0.683177,0.718932,0.02889505,-15.3918
1.819910,136.4932,0.226475,0.705961,0.741398,0.02922091,-15.3431
1.821911,136.6433,0.229161,0.729001,0.764171,0.02956131,-15.2928
1.823912,136.7934,0.231968,0.752308,0.787259,0.02991679,-15.2408
1.825913,136.9435,0.234899,0.775894,0.810672,0.03028792,-15.1873
1.827914,137.0935,0.237960,0.799771,0.834422,0.03067530,-15.1321
1.829915,137.2436,0.241156,0.823952,0.858518,0.03107958,-15.0752
1.831916,137.3937,0.244493,0.848450,0.882975,0.03150145,-15.0167
1.833917,137.5438,0.247977,0.873278,0.907803,0.03194163,-14.9564
1.835918,137.6938,0.251613,0.898450,0.933017,0.03240088,-14.8944
1.837919,137.8439,0.255410,0.923981,0.958632,0.03288002,-14.8307
1.839920,137.9940,0.259373,0.949887,0.984662,0.03337992,-14.7651
1.841921,138.1441,0.263510,0.976182,1.011123,0.03390151,-14.6978
1.843922,138.2941,0.267831,1.002885,1.038032,0.03444576,-14.6286
1.845923,138.4442,0.272342,1.030011,1.065408,0.03501371,-14.5576
1.847924,138.5943,0.277054,1.057580,1.093268,0.03560648,-14.4847
1.849925,138.7444,0.281977,1.085611,1.121633,0.03622524,-14.4099
1.851926,138.8944,0.287120,1.114122,1.150524,0.03687126,-14.3331
1.853927,139.0445,0.292495,1.143135,1.179962,0.03754586,-14.2544
1.855928,139.1946,0.298115,1.172672,1.209972,0.03825050,-14.1736
1.857929,139.3447,0.303991,1.202755,1.240577,0.03898668,-14.0908
1.859930,139.4947,0.310137,1.233409,1.271803,0.03975604,-14.0060
1.861931,139.6448,0.316569,1.264658,1.303677,0.04056032,-13.9190
1.863932,139.7949,0.323302,1.296528,1.336230,0.04140139,-13.8299
1.865933,139.9450,0.330353,1.329048,1.369490,0.04228123,-13.7385
1.867934,140.0950,0.337740,1.362247,1.403490,0.04320199,-13.6450
1.869935,140.2451,0.345483,1.396155,1.438265,0.04416594,-13.5491
1.871936,140.3952,0.353602,1.430804,1.473851,0.04517555,-13.4510
1.873937,140.5453,0.362120,1.466229,1.510285,0.04623344,-13.3504
1.875938,140.6953,0.371063,1.502466,1.547608,0.04734245,-13.2475
1.877939,140.8454,0.380455,1.539552,1.585864,0.04850561,-13.1421
1.879940,140.9955,0.390325,1.577527,1.625099,0.04972621,-13.0341
1.881941,141.1456,0.400705,1.616434,1.665360,0.05100777,-12.9236
1.883942,141.2956,0.411627,1.656318,1.706700,0.05235409,-12.8105
1.885943,141.4457,0.423127,1.697226,1.749175,0.05376928,-12.6947
1.887944,141.5958,0.435246,1.739207,1.792841,0.05525777,-12.5761
1.889945,141.7459,0.448024,1.782316,1.837763,0.05682436,-12.4547
1.891946,141.8959,0.461509,1.826608,1.884008,0.05847422,-12.3304
1.893947,142.0460,0.475751,1.872143,1.931646,0.06021300,-12.2031
1.895948,142.1961,0.490804,1.918985,1.980755,0.06204678,-12.0728
1.897949,142.3462,0.506730,1.967201,2.031417,0.06398220,-11.9394
1.899950,142.4962,0.523593,2.016862,2.083719,0.06602644,-11.8028
1.901951,142.6463,0.541466,2.068046,2.137756,0.06818735,-11.6630
1.903952,142.7964,0.560427,2.120833,2.193630,0.07047346,-11.5197
1.905953,142.9465,0.580564,2.175309,2.251449,0.07289408,-11.3731
1.907954,143.0965,0.601972,2.231567,2.311333,0.07545938,-11.2229
1.909955,143.2466,0.624756,2.289704,2.373407,0.07818048,-11.0690
1.911956,143.3967,0.649033,2.349824,2.437810,0.08106955,-10.9114
1.913957,143.5468,0.674931,2.412039,2.504688,0.08413992,-10.7500
1.915958,143.6968,0.702593,2.476467,2.574204,0.08740622,-10.5846
1.917959,143.8469,0.732178,2.543235,2.646532,0.09088452,-10.4151
1.919960,143.9970,0.763862,2.612477,2.721860,0.09459250,-10.2414
1.921961,144.1471,0.797841,2.684335,2.800394,0.09854963,-10.0635
1.923962,144.2971,0.834336,2.758964,2.882359,0.10277735,-9.8810
1.925963,144.4472,0.873591,2.836523,2.968000,0.10729933,-9.6940
1.927964,144.5973,0.915883,2.917185,3.057582,0.11214172,-9.5023
1.929965,144.7474,0.961522,3.001131,3.151398,0.11733344,-9.3058
1.931966,144.8974,1.010857,3.088553,3.249768,0.12290647,-9.1043
1.933967,145.0475,1.064284,3.179653,3.353043,0.12889625,-8.8976
1.935968,145.1976,1.122248,3.274641,3.461606,0.13534204,-8.6857
1.937969,145.3477,1.185258,3.373737,3.575883,0.14228738,-8.4683
1.939970,145.4977,1.253891,3.477164,3.696338,0.14978055,-8.2454
1.941971,145.6478,1.328804,3.585154,3.823487,0.15787506,-8.0169
1.943972,145.7979,1.410749,3.697936,3.957896,0.16663025,-7.7825
1.945973,145.9480,1.500588,3.815733,4.100193,0.17611182,-7.5421
1.947974,146.0980,1.599309,3.938756,4.251069,0.18639242,-7.2957
1.949975,146.2481,1.708050,4.067192,4.411291,0.19755224,-7.0432
1.951976,146.3982,1.828122,4.201188,4.581704,0.20967947,-6.7844
1.953977,146.5483,1.961040,4.340830,4.763243,0.22287074,-6.5195
1.955978,146.6983,2.108553,4.486117,4.956939,0.23723128,-6.2483
1.957979,146.8484,2.272686,4.636920,5.163925,0.25287484,-5.9709
1.959980,146.9985,2.455781,4.792928,5.385445,0.26992302,-5.6876
1.961981,147.1486,2.660543,4.953582,5.622852,0.28850393,-5.3985
1.963982,147.2986,2.890091,5.117972,5.877607,0.30874984,-5.1039
1.965983,147.4487,3.148006,5.284711,6.151269,0.33079326,-4.8044
1.967984,147.5988,3.438367,5.451763,6.445471,0.35476113,-4.5006
1.969985,147.7489,3.765772,5.616211,6.761869,0.38076631,-4.1934
1.971986,147.8989,4.135315,5.773961,7.102074,0.40889559,-3.8839
1.973987,148.0490,4.552489,5.919361,7.467529,0.43919360,-3.5734
1.975988,148.1991,5.022972,6.044722,7.859320,0.47164165,-3.2639
1.977989,148.3492,5.552214,6.139765,8.277910,0.50613130,-2.9574
1.979990,148.4992,6.144730,6.191007,8.722744,0.54243293,-2.6565
1.981991,148.6493,6.802972,6.181197,9.191715,0.58016104,-2.3645
1.983992,148.7994,7.525658,6.089004,9.680470,0.61873986,-2.0849
1.985993,148.9495,8.305474,5.889282,10.181578,0.65737574,-1.8219
1.987994,149.0995,9.126269,5.554442,10.683661,0.69504524,-1.5799
1.989995,149.2496,9.960216,5.057534,11.170700,0.73051040,-1.3637
1.991996,149.3997,10.765977,4.377496,11.621908,0.76237172,-1.1783
1.993997,149.5498,11.489516,3.506355,12.012639,0.78916507,-1.0283
1.995998,149.6998,12.069259,2.456814,12.316775,0.80949909,-0.9178
1.997999,149.8499,12.446228,1.267176,12.510568,0.82221582,-0.8501
2.000000,150.0000,12.577200,0.000000,12.577200,0.82654491,-0.8273
