freq_kHz,freq_MHz,T_10mm,T_10mm_dB,force_norm_10mm,T_5mm,T_5mm_dB,force_norm_5mm,T_3mm,T_3mm_dB,force_norm_3mm,T_1mm,T_1mm_dB,force_norm_1mm
100.0000,0.100000,0.89125224,-0.5000,0.891252,0.94406157,-0.2500,0.944062,0.96605130,-0.1500,0.966051,0.98855324,-0.0500,0.988553
109.8196,0.109820,0.88123326,-0.5491,0.881233,0.93874025,-0.2745,0.938740,0.96278045,-0.1647,0.962780,0.98743630,-0.0549,0.987436
119.6393,0.119639,0.87132690,-0.5982,0.871327,0.93344893,-0.2991,0.933449,0.95952067,-0.1795,0.959521,0.98632062,-0.0598,0.986321
129.4589,0.129459,0.86153190,-0.6473,0.861532,0.92818743,-0.3236,0.928187,0.95627193,-0.1942,0.956272,0.98520620,-0.0647,0.985206
139.2786,0.139279,0.85184702,-0.6964,0.851847,0.92295559,-0.3482,0.922956,0.95303419,-0.2089,0.953034,0.98409304,-0.0696,0.984093
149.0982,0.149098,0.84227100,-0.7455,0.842271,0.91775324,-0.3727,0.917753,0.94980741,-0.2236,0.949807,0.98298114,-0.0745,0.982981
158.9178,0.158918,0.83280264,-0.7946,0.832803,0.91258021,-0.3973,0.912580,0.94659156,-0.2384,0.946592,0.98187049,-0.0795,0.981870
168.7375,0.168737,0.82344071,-0.8437,0.823441,0.90743634,-0.4218,0.907436,0.94338659,-0.2531,0.943387,0.98076110,-0.0844,0.980761
178.5571,0.178557,0.81418403,-0.8928,0.814184,0.90232146,-0.4464,0.902321,0.94019248,-0.2678,0.940192,0.97965297,-0.0893,0.979653
188.3768,0.188377,0.80503140,-0.9419,0.805031,0.89723542,-0.4709,0.897235,0.93700918,-0.2826,0.937009,0.97854608,-0.0942,0.978546
198.1964,0.198196,0.79598166,-0.9910,0.795982,0.89217804,-0.4955,0.892178,0.93383666,-0.2973,0.933837,0.97744045,-0.0991,0.977440
208.0160,0.208016,0.78703366,-1.0401,0.787034,0.88714917,-0.5200,0.887149,0.93067488,-0.3120,0.930675,0.97633606,-0.1040,0.976336
217.8357,0.217836,0.77818624,-1.0892,0.778186,0.88214865,-0.5446,0.882149,0.92752380,-0.3267,0.927524,0.97523292,-0.1089,0.975233
227.6553,0.227655,0.76943828,-1.1383,0.769438,0.87717631,-0.5691,0.877176,0.92438340,-0.3415,0.924383,0.97413103,-0.1138,0.974131
237.4749,0.237475,0.76078867,-1.1874,0.760789,0.87223200,-0.5937,0.872232,0.92125363,-0.3562,0.921254,0.97303039,-0.1187,0.973030
247.2946,0.247295,0.75223628,-1.2365,0.752236,0.86731556,-0.6182,0.867316,0.91813445,-0.3709,0.918134,0.97193099,-0.1236,0.971931
257.1142,0.257114,0.74378004,-1.2856,0.743780,0.86242683,-0.6428,0.862427,0.91502583,-0.3857,0.915026,0.97083283,-0.1286,0.970833
266.9339,0.266934,0.73541886,-1.3347,0.735419,0.85756566,-0.6673,0.857566,0.91192774,-0.4004,0.911928,0.96973591,-0.1335,0.969736
276.7535,0.276754,0.72715167,-1.3837,0.727152,0.85273189,-0.6919,0.852732,0.90884014,-0.4151,0.908840,0.96864023,-0.1384,0.968640
286.5731,0.286573,0.71897741,-1.4328,0.718977,0.84792536,-0.7164,0.847925,0.90576300,-0.4299,0.905763,0.96754578,-0.1433,0.967546
296.3928,0.296393,0.71089505,-1.4819,0.710895,0.84314592,-0.7410,0.843146,0.90269627,-0.4446,0.902696,0.96645258,-0.1482,0.966453
306.2124,0.306212,0.70290354,-1.5310,0.702904,0.83839343,-0.7655,0.838393,0.89963992,-0.4593,0.899640,0.96536061,-0.1531,0.965361
316.0321,0.316032,0.69500187,-1.5801,0.695002,0.83366772,-0.7901,0.833668,0.89659393,-0.4740,0.896594,0.96426987,-0.1580,0.964270
325.8517,0.325852,0.68718903,-1.6292,0.687189,0.82896865,-0.8146,0.828969,0.89355824,-0.4888,0.893558,0.96318037,-0.1629,0.963180
335.6713,0.335671,0.67946402,-1.6783,0.679464,0.82429607,-0.8392,0.824296,0.89053284,-0.5035,0.890533,0.96209209,-0.1678,0.962092
345.4910,0.345491,0.67182584,-1.7274,0.671826,0.81964983,-0.8637,0.819650,0.88751768,-0.5182,0.887518,0.96100505,-0.1727,0.961005
355.3106,0.355311,0.66427353,-1.7765,0.664274,0.81502977,-0.8883,0.815030,0.88451272,-0.5330,0.884513,0.95991924,-0.1777,0.959919
365.1303,0.365130,0.65680612,-1.8256,0.656806,0.81043576,-0.9128,0.810436,0.88151794,-0.5477,0.881518,0.95883465,-0.1826,0.958835
374.9499,0.374950,0.64942265,-1.8747,0.649423,0.80586764,-0.9374,0.805868,0.87853330,-0.5624,0.878533,0.95775128,-0.1875,0.957751
384.7695,0.384770,0.64212219,-1.9238,0.642122,0.80132527,-0.9619,0.801325,0.87555877,-0.5771,0.875559,0.95666915,-0.1924,0.956669
394.5892,0.394589,0.63490379,-1.9729,0.634904,0.79680850,-0.9865,0.796809,0.87259431,-0.5919,0.872594,0.95558823,-0.1973,0.955588
404.4088,0.404409,0.62776653,-2.0220,0.627767,0.79231719,-1.0110,0.792317,0.86963988,-0.6066,0.869640,0.95450853,-0.2022,0.954509
414.2285,0.414228,0.62070952,-2.0711,0.620710,0.78785120,-1.0356,0.787851,0.86669546,-0.6213,0.866695,0.95343006,-0.2071,0.953430
424.0481,0.424048,0.61373183,-2.1202,0.613732,0.78341038,-1.0601,0.783410,0.86376101,-0.6361,0.863761,0.95235280,-0.2120,0.952353
433.8677,0.433868,0.60683258,-2.1693,0.606833,0.77899459,-1.0847,0.778995,0.86083649,-0.6508,0.860836,0.95127676,-0.2169,0.951277
443.6874,0.443687,0.60001089,-2.2184,0.600011,0.77460370,-1.1092,0.774604,0.85792187,-0.6655,0.857922,0.95020194,-0.2218,0.950202
453.5070,0.453507,0.59326588,-2.2675,0.593266,0.77023755,-1.1338,0.770238,0.85501712,-0.6803,0.855017,0.94912833,-0.2268,0.949128
463.3267,0.463327,0.58659670,-2.3166,0.586597,0.76589601,-1.1583,0.765896,0.85212221,-0.6950,0.852122,0.94805594,-0.2317,0.948056
473.1463,0.473146,0.58000249,-2.3657,0.580002,0.76157895,-1.1829,0.761579,0.84923710,-0.7097,0.849237,0.94698475,-0.2366,0.946985
482.9659,0.482966,0.57348241,-2.4148,0.573482,0.75728621,-1.2074,0.757286,0.84636176,-0.7244,0.846362,0.94591478,-0.2415,0.945915
492.7856,0.492786,0.56703562,-2.4639,0.567036,0.75301768,-1.2319,0.753018,0.84349615,-0.7392,0.843496,0.94484601,-0.2464,0.944846
502.6052,0.502605,0.56066131,-2.5130,0.560661,0.74877320,-1.2565,0.748773,0.84064024,-0.7539,0.840640,0.94377845,-0.2513,0.943778
512.4248,0.512425,0.55435865,-2.5621,0.554359,0.74455265,-1.2810,0.744553,0.83779401,-0.7686,0.837794,0.94271210,-0.2562,0.942712
522.2445,0.522244,0.54812685,-2.6112,0.548127,0.74035589,-1.3056,0.740356,0.83495741,-0.7834,0.834957,0.94164696,-0.2611,0.941647
532.0641,0.532064,0.54196509,-2.6603,0.541965,0.73618279,-1.3301,0.736183,0.83213041,-0.7981,0.832130,0.94058301,-0.2660,0.940583
541.8838,0.541884,0.53587261,-2.7094,0.535873,0.73203320,-1.3547,0.732033,0.82931299,-0.8128,0.829313,0.93952027,-0.2709,0.939520
551.7034,0.551703,0.52984861,-2.7585,0.529849,0.72790701,-1.3792,0.727907,0.82650511,-0.8275,0.826505,0.93845873,-0.2758,0.938459
561.5230,0.561523,0.52389233,-2.8076,0.523892,0.72380407,-1.4038,0.723804,0.82370673,-0.8423,0.823707,0.93739839,-0.2808,0.937398
571.3427,0.571343,0.51800301,-2.8567,0.518003,0.71972426,-1.4283,0.719724,0.82091783,-0.8570,0.820918,0.93633925,-0.2857,0.936339
581.1623,0.581162,0.51217990,-2.9058,0.512180,0.71566745,-1.4529,0.715667,0.81813837,-0.8717,0.818138,0.93528130,-0.2906,0.935281
590.9820,0.590982,0.50642224,-2.9549,0.506422,0.71163350,-1.4774,0.711634,0.81536832,-0.8865,0.815368,0.93422455,-0.2955,0.934225
600.8016,0.600802,0.50072931,-3.0040,0.500729,0.70762229,-1.5020,0.707622,0.81260765,-0.9012,0.812608,0.93316900,-0.3004,0.933169
610.6212,0.610621,0.49510038,-3.0531,0.495100,0.70363370,-1.5265,0.703634,0.80985632,-0.9159,0.809856,0.93211463,-0.3053,0.932115
620.4409,0.620441,0.48953472,-3.1022,0.489535,0.69966758,-1.5511,0.699668,0.80711432,-0.9306,0.807114,0.93106146,-0.3102,0.931061
630.2605,0.630261,0.48403163,-3.1513,0.484032,0.69572382,-1.5756,0.695724,0.80438159,-0.9454,0.804382,0.93000948,-0.3151,0.930009
640.0802,0.640080,0.47859040,-3.2004,0.478590,0.69180229,-1.6002,0.691802,0.80165812,-0.9601,0.801658,0.92895868,-0.3200,0.928959
649.8998,0.649900,0.47321034,-3.2495,0.473210,0.68790286,-1.6247,0.687903,0.79894387,-0.9748,0.798944,0.92790908,-0.3249,0.927909
659.7194,0.659719,0.46789076,-3.2986,0.467891,0.68402541,-1.6493,0.684025,0.79623881,-0.9896,0.796239,0.92686066,-0.3299,0.926861
669.5391,0.669539,0.46263098,-3.3477,0.462631,0.68016982,-1.6738,0.680170,0.79354291,-1.0043,0.793543,0.92581342,-0.3348,0.925813
679.3587,0.679359,0.45743033,-3.3968,0.457430,0.67633596,-1.6984,0.676336,0.79085613,-1.0190,0.790856,0.92476737,-0.3397,0.924767
689.1784,0.689178,0.45228814,-3.4458,0.452288,0.67252371,-1.7229,0.672524,0.78817846,-1.0338,0.788178,0.92372250,-0.3446,0.923722
698.9980,0.698998,0.44720376,-3.4949,0.447204,0.66873295,-1.7475,0.668733,0.78550985,-1.0485,0.785510,0.92267880,-0.3495,0.922679
708.8176,0.708818,0.44217653,-3.5440,0.442177,0.66496355,-1.7720,0.664964,0.78285027,-1.0632,0.782850,0.92163629,-0.3544,0.921636
718.6373,0.718637,0.43720581,-3.5931,0.437206,0.66121541,-1.7966,0.661215,0.78019970,-1.0779,0.780200,0.92059496,-0.3593,0.920595
728.4569,0.728457,0.43229098,-3.6422,0.432291,0.65748839,-1.8211,0.657488,0.77755810,-1.0927,0.777558,0.91955480,-0.3642,0.919555
738.2766,0.738277,0.42743139,-3.6913,0.427431,0.65378237,-1.8457,0.653782,0.77492545,-1.1074,0.774925,0.91851582,-0.3691,0.918516
748.0962,0.748096,0.42262643,-3.7404,0.422626,0.65009725,-1.8702,0.650097,0.77230171,-1.1221,0.772302,0.91747801,-0.3740,0.917478
757.9158,0.757916,0.41787549,-3.7895,0.417875,0.64643290,-1.8948,0.646433,0.76968686,-1.1369,0.769687,0.91644138,-0.3790,0.916441
767.7355,0.767735,0.41317796,-3.8386,0.413178,0.64278920,-1.9193,0.642789,0.76708085,-1.1516,0.767081,0.91540591,-0.3839,0.915406
777.5551,0.777555,0.40853323,-3.8877,0.408533,0.63916604,-1.9439,0.639166,0.76448367,-1.1663,0.764484,0.91437162,-0.3888,0.914372
787.3747,0.787375,0.40394071,-3.9368,0.403941,0.63556330,-1.9684,0.635563,0.76189529,-1.1810,0.761895,0.91333850,-0.3937,0.913338
797.1944,0.797194,0.39939982,-3.9859,0.399400,0.63198087,-1.9930,0.631981,0.75931567,-1.1958,0.759316,0.91230654,-0.3986,0.912307
807.0140,0.807014,0.39490998,-4.0350,0.394910,0.62841864,-2.0175,0.628419,0.75674478,-1.2105,0.756745,0.91127575,-0.4035,0.911276
816.8337,0.816834,0.39047061,-4.0841,0.390471,0.62487648,-2.0421,0.624876,0.75418260,-1.2252,0.754183,0.91024612,-0.4084,0.910246
826.6533,0.826653,0.38608115,-4.1332,0.386081,0.62135429,-2.0666,0.621354,0.75162909,-1.2400,0.751629,0.90921765,-0.4133,0.909218
836.4729,0.836473,0.38174103,-4.1823,0.381741,0.61785195,-2.0912,0.617852,0.74908423,-1.2547,0.749084,0.90819035,-0.4182,0.908190
846.2926,0.846293,0.37744970,-4.2314,0.377450,0.61436935,-2.1157,0.614369,0.74654798,-1.2694,0.746548,0.90716421,-0.4231,0.907164
856.1122,0.856112,0.37320661,-4.2805,0.373207,0.61090638,-2.1403,0.610906,0.74402032,-1.2842,0.744020,0.90613923,-0.4281,0.906139
865.9319,0.865932,0.36901122,-4.3296,0.369011,0.60746294,-2.1648,0.607463,0.74150122,-1.2989,0.741501,0.90511541,-0.4330,0.905115
875.7515,0.875752,0.36486299,-4.3787,0.364863,0.60403890,-2.1894,0.604039,0.73899065,-1.3136,0.738991,0.90409274,-0.4379,0.904093
885.5711,0.885571,0.36076139,-4.4278,0.360761,0.60063416,-2.2139,0.600634,0.73648858,-1.3283,0.736489,0.90307123,-0.4428,0.903071
895.3908,0.895391,0.35670590,-4.4769,0.356706,0.59724861,-2.2384,0.597249,0.73399498,-1.3431,0.733995,0.90205087,-0.4477,0.902051
905.2104,0.905210,0.35269600,-4.5260,0.352696,0.59388215,-2.2630,0.593882,0.73150982,-1.3578,0.731510,0.90103167,-0.4526,0.901032
915.0301,0.915030,0.34873118,-4.5751,0.348731,0.59053466,-2.2875,0.590535,0.72903308,-1.3725,0.729033,0.90001361,-0.4575,0.900014
924.8497,0.924850,0.34481093,-4.6242,0.344811,0.58720604,-2.3121,0.587206,0.72656472,-1.3873,0.726565,0.89899671,-0.4624,0.898997
934.6693,0.934669,0.34093475,-4.6733,0.340935,0.58389618,-2.3366,0.583896,0.72410472,-1.4020,0.724105,0.89798096,-0.4673,0.897981
944.4890,0.944489,0.33710214,-4.7224,0.337102,0.58060498,-2.3612,0.580605,0.72165305,-1.4167,0.721653,0.89696635,-0.4722,0.896966
954.3086,0.954309,0.33331262,-4.7715,0.333313,0.57733233,-2.3857,0.577332,0.71920968,-1.4314,0.719210,0.89595289,-0.4771,0.895953
964.1283,0.964128,0.32956569,-4.8206,0.329566,0.57407812,-2.4103,0.574078,0.71677459,-1.4462,0.716775,0.89494058,-0.4821,0.894941
973.9479,0.973948,0.32586089,-4.8697,0.325861,0.57084226,-2.4348,0.570842,0.71434773,-1.4609,0.714348,0.89392941,-0.4870,0.893929
983.7675,0.983768,0.32219773,-4.9188,0.322198,0.56762464,-2.4594,0.567625,0.71192910,-1.4756,0.711929,0.89291938,-0.4919,0.892919
993.5872,0.993587,0.31857576,-4.9679,0.318576,0.56442516,-2.4839,0.564425,0.70951865,-1.4904,0.709519,0.89191049,-0.4968,0.891910
1003.4068,1.003407,0.31499450,-5.0170,0.314994,0.56124371,-2.5085,0.561244,0.70711637,-1.5051,0.707116,0.89090274,-0.5017,0.890903
1013.2265,1.013226,0.31145350,-5.0661,0.311453,0.55808019,-2.5330,0.558080,0.70472222,-1.5198,0.704722,0.88989614,-0.5066,0.889896
1023.0461,1.023046,0.30795230,-5.1152,0.307952,0.55493450,-2.5576,0.554935,0.70233617,-1.5345,0.702336,0.88889066,-0.5115,0.888891
1032.8657,1.032866,0.30449046,-5.1643,0.304490,0.55180655,-2.5821,0.551807,0.69995821,-1.5493,0.699958,0.88788633,-0.5164,0.887886
1042.6854,1.042685,0.30106754,-5.2134,0.301068,0.54869622,-2.6067,0.548696,0.69758829,-1.5640,0.697588,0.88688313,-0.5213,0.886883
1052.5050,1.052505,0.29768310,-5.2625,0.297683,0.54560343,-2.6312,0.545603,0.69522640,-1.5787,0.695226,0.88588106,-0.5262,0.885881
1062.3246,1.062325,0.29433671,-5.3116,0.294337,0.54252807,-2.6558,0.542528,0.69287250,-1.5935,0.692873,0.88488013,-0.5312,0.884880
1072.1443,1.072144,0.29102793,-5.3607,0.291028,0.53947004,-2.6803,0.539470,0.69052658,-1.6082,0.690527,0.88388032,-0.5361,0.883880
1081.9639,1.081964,0.28775635,-5.4098,0.287756,0.53642926,-2.7049,0.536429,0.68818860,-1.6229,0.688189,0.88288165,-0.5410,0.882882
1091.7836,1.091784,0.28452154,-5.4588,0.284522,0.53340561,-2.7294,0.533406,0.68585853,-1.6377,0.685859,0.88188411,-0.5459,0.881884
1101.6032,1.101603,0.28132310,-5.5079,0.281323,0.53039900,-2.7540,0.530399,0.68353636,-1.6524,0.683536,0.88088769,-0.5508,0.880888
1111.4228,1.111423,0.27816061,-5.5570,0.278161,0.52740934,-2.7785,0.527409,0.68122204,-1.6671,0.681222,0.87989239,-0.5557,0.879892
1121.2425,1.121242,0.27503368,-5.6061,0.275034,0.52443654,-2.8031,0.524437,0.67891556,-1.6818,0.678916,0.87889823,-0.5606,0.878898
1131.0621,1.131062,0.27194190,-5.6552,0.271942,0.52148049,-2.8276,0.521480,0.67661689,-1.6966,0.676617,0.87790518,-0.5655,0.877905
1140.8818,1.140882,0.26888487,-5.7043,0.268885,0.51854110,-2.8522,0.518541,0.67432601,-1.7113,0.674326,0.87691326,-0.5704,0.876913
1150.7014,1.150701,0.26586221,-5.7534,0.265862,0.51561828,-2.8767,0.515618,0.67204288,-1.7260,0.672043,0.87592246,-0.5753,0.875922
1160.5210,1.160521,0.26287353,-5.8025,0.262874,0.51271193,-2.9013,0.512712,0.66976748,-1.7408,0.669767,0.87493277,-0.5803,0.874933
1170.3407,1.170341,0.25991844,-5.8516,0.259918,0.50982197,-2.9258,0.509822,0.66749978,-1.7555,0.667500,0.87394421,-0.5852,0.873944
1180.1603,1.180160,0.25699658,-5.9007,0.256997,0.50694830,-2.9504,0.506948,0.66523976,-1.7702,0.665240,0.87295676,-0.5901,0.872957
1189.9800,1.189980,0.25410756,-5.9498,0.254108,0.50409082,-2.9749,0.504091,0.66298740,-1.7849,0.662987,0.87197043,-0.5950,0.871970
1199.7996,1.199800,0.25125101,-5.9989,0.251251,0.50124945,-2.9995,0.501249,0.66074266,-1.7997,0.660743,0.87098521,-0.5999,0.870985
1209.6192,1.209619,0.24842658,-6.0480,0.248427,0.49842410,-3.0240,0.498424,0.65850552,-1.8144,0.658506,0.87000111,-0.6048,0.870001
1219.4389,1.219439,0.24563390,-6.0971,0.245634,0.49561467,-3.0486,0.495615,0.65627595,-1.8291,0.656276,0.86901812,-0.6097,0.869018
1229.2585,1.229259,0.24287262,-6.1462,0.242873,0.49282108,-3.0731,0.492821,0.65405394,-1.8439,0.654054,0.86803624,-0.6146,0.868036
1239.0782,1.239078,0.24014237,-6.1953,0.240142,0.49004323,-3.0977,0.490043,0.65183945,-1.8586,0.651839,0.86705546,-0.6195,0.867055
1248.8978,1.248898,0.23744282,-6.2444,0.237443,0.48728105,-3.1222,0.487281,0.64963245,-1.8733,0.649632,0.86607580,-0.6244,0.866076
1258.7174,1.258717,0.23477361,-6.2935,0.234774,0.48453443,-3.1468,0.484534,0.64743293,-1.8881,0.647433,0.86509724,-0.6294,0.865097
1268.5371,1.268537,0.23213441,-6.3426,0.232134,0.48180329,-3.1713,0.481803,0.64524085,-1.9028,0.645241,0.86411979,-0.6343,0.864120
1278.3567,1.278357,0.22952488,-6.3917,0.229525,0.47908755,-3.1959,0.479088,0.64305620,-1.9175,0.643056,0.86314344,-0.6392,0.863143
1288.1764,1.288176,0.22694468,-6.4408,0.226945,0.47638711,-3.2204,0.476387,0.64087894,-1.9322,0.640879,0.86216820,-0.6441,0.862168
1297.9960,1.297996,0.22439349,-6.4899,0.224393,0.47370190,-3.2449,0.473702,0.63870906,-1.9470,0.638709,0.86119406,-0.6490,0.861194
1307.8156,1.307816,0.22187098,-6.5390,0.221871,0.47103182,-3.2695,0.471032,0.63654652,-1.9617,0.636547,0.86022102,-0.6539,0.860221
1317.6353,1.317635,0.21937682,-6.5881,0.219377,0.46837679,-3.2940,0.468377,0.63439130,-1.9764,0.634391,0.85924908,-0.6588,0.859249
1327.4549,1.327455,0.21691070,-6.6372,0.216911,0.46573673,-3.3186,0.465737,0.63224338,-1.9912,0.632243,0.85827823,-0.6637,0.858278
1337.2745,1.337275,0.21447231,-6.6863,0.214472,0.46311155,-3.3431,0.463112,0.63010274,-2.0059,0.630103,0.85730849,-0.6686,0.857308
1347.0942,1.347094,0.21206132,-6.7354,0.212061,0.46050116,-3.3677,0.460501,0.62796934,-2.0206,0.627969,0.85633983,-0.6735,0.856340
1356.9138,1.356914,0.20967744,-6.7845,0.209677,0.45790549,-3.3922,0.457905,0.62584316,-2.0353,0.625843,0.85537228,-0.6784,0.855372
1366.7335,1.366733,0.20732036,-6.8336,0.207320,0.45532445,-3.4168,0.455324,0.62372419,-2.0501,0.623724,0.85440581,-0.6834,0.854406
1376.5531,1.376553,0.20498977,-6.8827,0.204990,0.45275796,-3.4413,0.452758,0.62161238,-2.0648,0.621612,0.85344044,-0.6883,0.853440
1386.3727,1.386373,0.20268539,-6.9318,0.202685,0.45020594,-3.4659,0.450206,0.61950773,-2.0795,0.619508,0.85247616,-0.6932,0.852476
1396.1924,1.396192,0.20040690,-6.9809,0.200407,0.44766830,-3.4904,0.447668,0.61741020,-2.0943,0.617410,0.85151297,-0.6981,0.851513
1406.0120,1.406012,0.19815403,-7.0300,0.198154,0.44514496,-3.5150,0.445145,0.61531978,-2.1090,0.615320,0.85055087,-0.7030,0.850551
1415.8317,1.415832,0.19592649,-7.0791,0.195926,0.44263585,-3.5395,0.442636,0.61323643,-2.1237,0.613236,0.84958985,-0.7079,0.849590
1425.6513,1.425651,0.19372399,-7.1282,0.193724,0.44014088,-3.5641,0.440141,0.61116014,-2.1384,0.611160,0.84862992,-0.7128,0.848630
1435.4709,1.435471,0.19154625,-7.1773,0.191546,0.43765997,-3.5886,0.437660,0.60909088,-2.1532,0.609091,0.84767108,-0.7177,0.847671
1445.2906,1.445291,0.18939299,-7.2264,0.189393,0.43519304,-3.6132,0.435193,0.60702862,-2.1679,0.607029,0.84671331,-0.7226,0.846713
1455.1102,1.455110,0.18726393,-7.2755,0.187264,0.43274003,-3.6377,0.432740,0.60497335,-2.1826,0.604973,0.84575663,-0.7275,0.845757
1464.9299,1.464930,0.18515881,-7.3246,0.185159,0.43030083,-3.6623,0.430301,0.60292503,-2.1974,0.602925,0.84480104,-0.7325,0.844801
1474.7495,1.474749,0.18307735,-7.3737,0.183077,0.42787539,-3.6868,0.427875,0.60088365,-2.2121,0.600884,0.84384652,-0.7374,0.843847
1484.5691,1.484569,0.18101929,-7.4228,0.181019,0.42546362,-3.7114,0.425464,0.59884918,-2.2268,0.598849,0.84289308,-0.7423,0.842893
1494.3888,1.494389,0.17898437,-7.4718,0.178984,0.42306544,-3.7359,0.423065,0.59682160,-2.2416,0.596822,0.84194071,-0.7472,0.841941
1504.2084,1.504208,0.17697232,-7.5209,0.176972,0.42068078,-3.7605,0.420681,0.59480088,-2.2563,0.594801,0.84098942,-0.7521,0.840989
1514.0281,1.514028,0.17498289,-7.5700,0.174983,0.41830956,-3.7850,0.418310,0.59278701,-2.2710,0.592787,0.84003921,-0.7570,0.840039
1523.8477,1.523848,0.17301583,-7.6191,0.173016,0.41595171,-3.8096,0.415952,0.59077995,-2.2857,0.590780,0.83909007,-0.7619,0.839090
1533.6673,1.533667,0.17107087,-7.6682,0.171071,0.41360715,-3.8341,0.413607,0.58877969,-2.3005,0.588780,0.83814201,-0.7668,0.838142
1543.4870,1.543487,0.16914779,-7.7173,0.169148,0.41127580,-3.8587,0.411276,0.58678621,-2.3152,0.586786,0.83719501,-0.7717,0.837195
1553.3066,1.553307,0.16724632,-7.7664,0.167246,0.40895760,-3.8832,0.408958,0.58479947,-2.3299,0.584799,0.83624909,-0.7766,0.836249
1563.1263,1.563126,0.16536622,-7.8155,0.165366,0.40665246,-3.9078,0.406652,0.58281946,-2.3447,0.582819,0.83530423,-0.7816,0.835304
1572.9459,1.572946,0.16350726,-7.8646,0.163507,0.40436031,-3.9323,0.404360,0.58084615,-2.3594,0.580846,0.83436044,-0.7865,0.834360
1582.7655,1.582766,0.16166920,-7.9137,0.161669,0.40208109,-3.9569,0.402081,0.57887952,-2.3741,0.578880,0.83341772,-0.7914,0.833418
1592.5852,1.592585,0.15985180,-7.9628,0.159852,0.39981471,-3.9814,0.399815,0.57691955,-2.3888,0.576920,0.83247606,-0.7963,0.832476
1602.4048,1.602405,0.15805483,-8.0119,0.158055,0.39756110,-4.0060,0.397561,0.57496622,-2.4036,0.574966,0.83153547,-0.8012,0.831535
1612.2244,1.612224,0.15627806,-8.0610,0.156278,0.39532020,-4.0305,0.395320,0.57301951,-2.4183,0.573020,0.83059594,-0.8061,0.830596
1622.0441,1.622044,0.15452127,-8.1101,0.154521,0.39309193,-4.0551,0.393092,0.57107938,-2.4330,0.571079,0.82965747,-0.8110,0.829657
1631.8637,1.631864,0.15278422,-8.1592,0.152784,0.39087622,-4.0796,0.390876,0.56914582,-2.4478,0.569146,0.82872006,-0.8159,0.828720
1641.6834,1.641683,0.15106670,-8.2083,0.151067,0.38867300,-4.1042,0.388673,0.56721881,-2.4625,0.567219,0.82778371,-0.8208,0.827784
1651.5030,1.651503,0.14936849,-8.2574,0.149368,0.38648220,-4.1287,0.386482,0.56529832,-2.4772,0.565298,0.82684842,-0.8257,0.826848
1661.3226,1.661323,0.14768937,-8.3065,0.147689,0.38430374,-4.1533,0.384304,0.56338434,-2.4920,0.563384,0.82591418,-0.8307,0.825914
1671.1423,1.671142,0.14602912,-8.3556,0.146029,0.38213757,-4.1778,0.382138,0.56147683,-2.5067,0.561477,0.82498100,-0.8356,0.824981
1680.9619,1.680962,0.14438754,-8.4047,0.144388,0.37998360,-4.2024,0.379984,0.55957579,-2.5214,0.559576,0.82404888,-0.8405,0.824049
1690.7816,1.690782,0.14276441,-8.4538,0.142764,0.37784178,-4.2269,0.377842,0.55768118,-2.5361,0.557681,0.82311780,-0.8454,0.823118
1700.6012,1.700601,0.14115953,-8.5029,0.141160,0.37571203,-4.2514,0.375712,0.55579298,-2.5509,0.555793,0.82218778,-0.8503,0.822188
1710.4208,1.710421,0.13957269,-8.5520,0.139573,0.37359428,-4.2760,0.373594,0.55391118,-2.5656,0.553911,0.82125882,-0.8552,0.821259
1720.2405,1.720240,0.13800369,-8.6011,0.138004,0.37148847,-4.3005,0.371488,0.55203575,-2.5803,0.552036,0.82033090,-0.8601,0.820331
1730.0601,1.730060,0.13645232,-8.6502,0.136452,0.36939453,-4.3251,0.369395,0.55016667,-2.5951,0.550167,0.81940403,-0.8650,0.819404
1739.8798,1.739880,0.13491840,-8.6993,0.134918,0.36731240,-4.3496,0.367312,0.54830392,-2.6098,0.548304,0.81847820,-0.8699,0.818478
1749.6994,1.749699,0.13340172,-8.7484,0.133402,0.36524200,-4.3742,0.365242,0.54644748,-2.6245,0.546447,0.81755342,-0.8748,0.817553
1759.5190,1.759519,0.13190208,-8.7975,0.131902,0.36318327,-4.3987,0.363183,0.54459732,-2.6392,0.544597,0.81662969,-0.8797,0.816630
1769.3387,1.769339,0.13041931,-8.8466,0.130419,0.36113614,-4.4233,0.361136,0.54275342,-2.6540,0.542753,0.81570700,-0.8847,0.815707
1779.1583,1.779158,0.12895321,-8.8957,0.128953,0.35910055,-4.4478,0.359101,0.54091577,-2.6687,0.540916,0.81478536,-0.8896,0.814785
1788.9780,1.788978,0.12750358,-8.9448,0.127504,0.35707644,-4.4724,0.357076,0.53908434,-2.6834,0.539084,0.81386475,-0.8945,0.813865
1798.7976,1.798798,0.12607025,-8.9939,0.126070,0.35506373,-4.4969,0.355064,0.53725911,-2.6982,0.537259,0.81294518,-0.8994,0.812945
1808.6172,1.808617,0.12465304,-9.0430,0.124653,0.35306237,-4.5215,0.353062,0.53544006,-2.7129,0.535440,0.81202666,-0.9043,0.812027
1818.4369,1.818437,0.12325176,-9.0921,0.123252,0.35107229,-4.5460,0.351072,0.53362717,-2.7276,0.533627,0.81110917,-0.9092,0.811109
1828.2565,1.828257,0.12186622,-9.1412,0.121866,0.34909343,-4.5706,0.349093,0.53182042,-2.7423,0.531820,0.81019272,-0.9141,0.810193
1838.0762,1.838076,0.12049627,-9.1903,0.120496,0.34712573,-4.5951,0.347126,0.53001978,-2.7571,0.530020,0.80927730,-0.9190,0.809277
1847.8958,1.847896,0.11914171,-9.2394,0.119142,0.34516911,-4.6197,0.345169,0.52822524,-2.7718,0.528225,0.80836292,-0.9239,0.808363
1857.7154,1.857715,0.11780239,-9.2885,0.117802,0.34322352,-4.6442,0.343224,0.52643678,-2.7865,0.526437,0.80744957,-0.9288,0.807450
1867.5351,1.867535,0.11647811,-9.3376,0.116478,0.34128890,-4.6688,0.341289,0.52465438,-2.8013,0.524654,0.80653726,-0.9338,0.806537
1877.3547,1.877355,0.11516873,-9.3867,0.115169,0.33936518,-4.6933,0.339365,0.52287800,-2.8160,0.522878,0.80562597,-0.9387,0.805626
1887.1743,1.887174,0.11387406,-9.4358,0.113874,0.33745231,-4.7179,0.337452,0.52110764,-2.8307,0.521108,0.80471571,-0.9436,0.804716
1896.9940,1.896994,0.11259395,-9.4848,0.112594,0.33555022,-4.7424,0.335550,0.51934328,-2.8455,0.519343,0.80380649,-0.9485,0.803806
1906.8136,1.906814,0.11132823,-9.5339,0.111328,0.33365885,-4.7670,0.333659,0.51758489,-2.8602,0.517585,0.80289828,-0.9534,0.802898
1916.6333,1.916633,0.11007674,-9.5830,0.110077,0.33177814,-4.7915,0.331778,0.51583245,-2.8749,0.515832,0.80199111,-0.9583,0.801991
1926.4529,1.926453,0.10883931,-9.6321,0.108839,0.32990803,-4.8161,0.329908,0.51408595,-2.8896,0.514086,0.80108496,-0.9632,0.801085
1936.2725,1.936273,0.10761580,-9.6812,0.107616,0.32804847,-4.8406,0.328048,0.51234536,-2.9044,0.512345,0.80017984,-0.9681,0.800180
1946.0922,1.946092,0.10640604,-9.7303,0.106406,0.32619938,-4.8652,0.326199,0.51061066,-2.9191,0.510611,0.79927573,-0.9730,0.799276
1955.9118,1.955912,0.10520988,-9.7794,0.105210,0.32436072,-4.8897,0.324361,0.50888184,-2.9338,0.508882,0.79837265,-0.9779,0.798373
1965.7315,1.965731,0.10402716,-9.8285,0.104027,0.32253242,-4.9143,0.322532,0.50715887,-2.9486,0.507159,0.79747059,-0.9829,0.797471
1975.5511,1.975551,0.10285775,-9.8776,0.102858,0.32071443,-4.9388,0.320714,0.50544174,-2.9633,0.505442,0.79656955,-0.9878,0.796570
1985.3707,1.985371,0.10170147,-9.9267,0.101701,0.31890668,-4.9634,0.318907,0.50373041,-2.9780,0.503730,0.79566952,-0.9927,0.795670
1995.1904,1.995190,0.10055820,-9.9758,0.100558,0.31710913,-4.9879,0.317109,0.50202489,-2.9927,0.502025,0.79477052,-0.9976,0.794771
2005.0100,2.005010,0.09942778,-10.0249,0.099428,0.31532170,-5.0125,0.315322,0.50032513,-3.0075,0.500325,0.79387253,-1.0025,0.793873
2014.8297,2.014830,0.09831006,-10.0740,0.098310,0.31354435,-5.0370,0.313544,0.49863113,-3.0222,0.498631,0.79297555,-1.0074,0.792976
2024.6493,2.024649,0.09720491,-10.1231,0.097205,0.31177702,-5.0616,0.311777,0.49694287,-3.0369,0.496943,0.79207959,-1.0123,0.792080
2034.4689,2.034469,0.09611219,-10.1722,0.096112,0.31001965,-5.0861,0.310020,0.49526032,-3.0517,0.495260,0.79118464,-1.0172,0.791185
2044.2886,2.044289,0.09503174,-10.2213,0.095032,0.30827219,-5.1107,0.308272,0.49358347,-3.0664,0.493583,0.79029070,-1.0221,0.790291
2054.1082,2.054108,0.09396345,-10.2704,0.093963,0.30653458,-5.1352,0.306535,0.49191230,-3.0811,0.491912,0.78939777,-1.0270,0.789398
2063.9279,2.063928,0.09290716,-10.3195,0.092907,0.30480676,-5.1598,0.304807,0.49024679,-3.0959,0.490247,0.78850585,-1.0320,0.788506
2073.7475,2.073747,0.09186275,-10.3686,0.091863,0.30308868,-5.1843,0.303089,0.48858691,-3.1106,0.488587,0.78761493,-1.0369,0.787615
2083.5671,2.083567,0.09083007,-10.4177,0.090830,0.30138028,-5.2089,0.301380,0.48693266,-3.1253,0.486933,0.78672503,-1.0418,0.786725
2093.3868,2.093387,0.08980901,-10.4668,0.089809,0.29968152,-5.2334,0.299682,0.48528400,-3.1400,0.485284,0.78583613,-1.0467,0.785836
2103.2064,2.103206,0.08879943,-10.5159,0.088799,0.29799232,-5.2579,0.297992,0.48364093,-3.1548,0.483641,0.78494823,-1.0516,0.784948
2113.0261,2.113026,0.08780119,-10.5650,0.087801,0.29631265,-5.2825,0.296313,0.48200342,-3.1695,0.482003,0.78406134,-1.0565,0.784061
2122.8457,2.122846,0.08681417,-10.6141,0.086814,0.29464245,-5.3070,0.294642,0.48037145,-3.1842,0.480371,0.78317545,-1.0614,0.783175
2132.6653,2.132665,0.08583826,-10.6632,0.085838,0.29298166,-5.3316,0.292982,0.47874502,-3.1990,0.478745,0.78229056,-1.0663,0.782291
2142.4850,2.142485,0.08487331,-10.7123,0.084873,0.29133024,-5.3561,0.291330,0.47712408,-3.2137,0.477124,0.78140667,-1.0712,0.781407
2152.3046,2.152305,0.08391921,-10.7614,0.083919,0.28968812,-5.3807,0.289688,0.47550864,-3.2284,0.475509,0.78052378,-1.0761,0.780524
2162.1242,2.162124,0.08297583,-10.8105,0.082976,0.28805526,-5.4052,0.288055,0.47389866,-3.2431,0.473899,0.77964188,-1.0810,0.779642
2171.9439,2.171944,0.08204306,-10.8596,0.082043,0.28643160,-5.4298,0.286432,0.47229414,-3.2579,0.472294,0.77876098,-1.0860,0.778761
2181.7635,2.181764,0.08112078,-10.9087,0.081121,0.28481709,-5.4543,0.284817,0.47069505,-3.2726,0.470695,0.77788108,-1.0909,0.777881
2191.5832,2.191583,0.08020886,-10.9578,0.080209,0.28321169,-5.4789,0.283212,0.46910137,-3.2873,0.469101,0.77700217,-1.0958,0.777002
2201.4028,2.201403,0.07930719,-11.0069,0.079307,0.28161533,-5.5034,0.281615,0.46751309,-3.3021,0.467513,0.77612426,-1.1007,0.776124
2211.2224,2.211222,0.07841566,-11.0560,0.078416,0.28002797,-5.5280,0.280028,0.46593019,-3.3168,0.465930,0.77524734,-1.1056,0.775247
2221.0421,2.221042,0.07753416,-11.1051,0.077534,0.27844956,-5.5525,0.278450,0.46435264,-3.3315,0.464353,0.77437140,-1.1105,0.774371
2230.8617,2.230862,0.07666256,-11.1542,0.076663,0.27688004,-5.5771,0.276880,0.46278044,-3.3463,0.462780,0.77349646,-1.1154,0.773496
2240.6814,2.240681,0.07580076,-11.2033,0.075801,0.27531938,-5.6016,0.275319,0.46121356,-3.3610,0.461214,0.77262251,-1.1203,0.772623
2250.5010,2.250501,0.07494865,-11.2524,0.074949,0.27376751,-5.6262,0.273768,0.45965198,-3.3757,0.459652,0.77174954,-1.1252,0.771750
2260.3206,2.260321,0.07410611,-11.3015,0.074106,0.27222438,-5.6507,0.272224,0.45809570,-3.3904,0.458096,0.77087756,-1.1301,0.770878
2270.1403,2.270140,0.07327305,-11.3506,0.073273,0.27068996,-5.6753,0.270690,0.45654468,-3.4052,0.456545,0.77000657,-1.1351,0.770007
2279.9599,2.279960,0.07244936,-11.3997,0.072449,0.26916418,-5.6998,0.269164,0.45499891,-3.4199,0.454999,0.76913655,-1.1400,0.769137
2289.7796,2.289780,0.07163492,-11.4488,0.071635,0.26764700,-5.7244,0.267647,0.45345838,-3.4346,0.453458,0.76826753,-1.1449,0.768268
2299.5992,2.299599,0.07082964,-11.4978,0.070830,0.26613838,-5.7489,0.266138,0.45192306,-3.4494,0.451923,0.76739948,-1.1498,0.767399
2309.4188,2.309419,0.07003341,-11.5469,0.070033,0.26463826,-5.7735,0.264638,0.45039294,-3.4641,0.450393,0.76653242,-1.1547,0.766532
2319.2385,2.319238,0.06924613,-11.5960,0.069246,0.26314659,-5.7980,0.263147,0.44886800,-3.4788,0.448868,0.76566633,-1.1596,0.765666
2329.0581,2.329058,0.06846770,-11.6451,0.068468,0.26166333,-5.8226,0.261663,0.44734823,-3.4935,0.447348,0.76480122,-1.1645,0.764801
2338.8778,2.338878,0.06769802,-11.6942,0.067698,0.26018844,-5.8471,0.260188,0.44583360,-3.5083,0.445834,0.76393709,-1.1694,0.763937
2348.6974,2.348697,0.06693700,-11.7433,0.066937,0.25872185,-5.8717,0.258722,0.44432410,-3.5230,0.444324,0.76307394,-1.1743,0.763074
2358.5170,2.358517,0.06618453,-11.7924,0.066185,0.25726354,-5.8962,0.257264,0.44281971,-3.5377,0.442820,0.76221176,-1.1792,0.762212
2368.3367,2.368337,0.06544052,-11.8415,0.065441,0.25581344,-5.9208,0.255813,0.44132041,-3.5525,0.441320,0.76135056,-1.1842,0.761351
2378.1563,2.378156,0.06470487,-11.8906,0.064705,0.25437151,-5.9453,0.254372,0.43982619,-3.5672,0.439826,0.76049033,-1.1891,0.760490
2387.9760,2.387976,0.06397749,-11.9397,0.063977,0.25293772,-5.9699,0.252938,0.43833703,-3.5819,0.438337,0.75963107,-1.1940,0.759631
2397.7956,2.397796,0.06325829,-11.9888,0.063258,0.25151200,-5.9944,0.251512,0.43685291,-3.5966,0.436853,0.75877278,-1.1989,0.758773
2407.6152,2.407615,0.06254717,-12.0379,0.062547,0.25009433,-6.0190,0.250094,0.43537381,-3.6114,0.435374,0.75791546,-1.2038,0.757915
2417.4349,2.417435,0.06184405,-12.0870,0.061844,0.24868464,-6.0435,0.248685,0.43389973,-3.6261,0.433900,0.75705911,-1.2087,0.757059
2427.2545,2.427255,0.06114883,-12.1361,0.061149,0.24728290,-6.0681,0.247283,0.43243063,-3.6408,0.432431,0.75620373,-1.2136,0.756204
2437.0741,2.437074,0.06046143,-12.1852,0.060461,0.24588906,-6.0926,0.245889,0.43096651,-3.6556,0.430967,0.75534932,-1.2185,0.755349
2446.8938,2.446894,0.05978175,-12.2343,0.059782,0.24450308,-6.1172,0.244503,0.42950735,-3.6703,0.429507,0.75449587,-1.2234,0.754496
2456.7134,2.456713,0.05910972,-12.2834,0.059110,0.24312490,-6.1417,0.243125,0.42805312,-3.6850,0.428053,0.75364338,-1.2283,0.753643
2466.5331,2.466533,0.05844524,-12.3325,0.058445,0.24175450,-6.1663,0.241755,0.42660382,-3.6998,0.426604,0.75279186,-1.2333,0.752792
2476.3527,2.476353,0.05778823,-12.3816,0.057788,0.24039182,-6.1908,0.240392,0.42515943,-3.7145,0.425159,0.75194130,-1.2382,0.751941
2486.1723,2.486172,0.05713860,-12.4307,0.057139,0.23903682,-6.2154,0.239037,0.42371992,-3.7292,0.423720,0.75109170,-1.2431,0.751092
2495.9920,2.495992,0.05649628,-12.4798,0.056496,0.23768946,-6.2399,0.237689,0.42228530,-3.7439,0.422285,0.75024306,-1.2480,0.750243
2505.8116,2.505812,0.05586118,-12.5289,0.055861,0.23634970,-6.2644,0.236350,0.42085552,-3.7587,0.420856,0.74939538,-1.2529,0.749395
2515.6313,2.515631,0.05523322,-12.5780,0.055233,0.23501749,-6.2890,0.235017,0.41943059,-3.7734,0.419431,0.74854866,-1.2578,0.748549
2525.4509,2.525451,0.05461232,-12.6271,0.054612,0.23369278,-6.3135,0.233693,0.41801049,-3.7881,0.418010,0.74770289,-1.2627,0.747703
2535.2705,2.535271,0.05399839,-12.6762,0.053998,0.23237554,-6.3381,0.232376,0.41659519,-3.8029,0.416595,0.74685808,-1.2676,0.746858
2545.0902,2.545090,0.05339137,-12.7253,0.053391,0.23106573,-6.3626,0.231066,0.41518468,-3.8176,0.415185,0.74601422,-1.2725,0.746014
2554.9098,2.554910,0.05279117,-12.7744,0.052791,0.22976330,-6.3872,0.229763,0.41377895,-3.8323,0.413779,0.74517132,-1.2774,0.745171
2564.7295,2.564729,0.05219772,-12.8235,0.052198,0.22846821,-6.4117,0.228468,0.41237798,-3.8470,0.412378,0.74432937,-1.2823,0.744329
2574.5491,2.574549,0.05161094,-12.8726,0.051611,0.22718042,-6.4363,0.227180,0.41098175,-3.8618,0.410982,0.74348837,-1.2873,0.743488
2584.3687,2.584369,0.05103076,-12.9217,0.051031,0.22589989,-6.4608,0.225900,0.40959025,-3.8765,0.409590,0.74264832,-1.2922,0.742648
2594.1884,2.594188,0.05045710,-12.9708,0.050457,0.22462658,-6.4854,0.224627,0.40820347,-3.8912,0.408203,0.74180922,-1.2971,0.741809
2604.0080,2.604008,0.04988989,-13.0199,0.049890,0.22336045,-6.5099,0.223360,0.40682137,-3.9060,0.406821,0.74097107,-1.3020,0.740971
2613.8277,2.613828,0.04932905,-13.0690,0.049329,0.22210145,-6.5345,0.222101,0.40544396,-3.9207,0.405444,0.74013387,-1.3069,0.740134
2623.6473,2.623647,0.04877452,-13.1181,0.048775,0.22084955,-6.5590,0.220850,0.40407121,-3.9354,0.404071,0.73929761,-1.3118,0.739298
2633.4669,2.633467,0.04822622,-13.1672,0.048226,0.21960470,-6.5836,0.219605,0.40270311,-3.9502,0.402703,0.73846230,-1.3167,0.738462
2643.2866,2.643287,0.04768409,-13.2163,0.047684,0.21836687,-6.6081,0.218367,0.40133964,-3.9649,0.401340,0.73762793,-1.3216,0.737628
2653.1062,2.653106,0.04714805,-13.2654,0.047148,0.21713602,-6.6327,0.217136,0.39998078,-3.9796,0.399981,0.73679450,-1.3265,0.736794
2662.9259,2.662926,0.04661804,-13.3145,0.046618,0.21591211,-6.6572,0.215912,0.39862653,-3.9943,0.398627,0.73596201,-1.3314,0.735962
2672.7455,2.672745,0.04609398,-13.3636,0.046094,0.21469509,-6.6818,0.214695,0.39727686,-4.0091,0.397277,0.73513047,-1.3364,0.735130
2682.5651,2.682565,0.04557582,-13.4127,0.045576,0.21348494,-6.7063,0.213485,0.39593176,-4.0238,0.395932,0.73429986,-1.3413,0.734300
2692.3848,2.692385,0.04506348,-13.4618,0.045063,0.21228160,-6.7309,0.212282,0.39459122,-4.0385,0.394591,0.73347020,-1.3462,0.733470
2702.2044,2.702204,0.04455690,-13.5109,0.044557,0.21108505,-6.7554,0.211085,0.39325521,-4.0533,0.393255,0.73264147,-1.3511,0.732641
2712.0240,2.712024,0.04405601,-13.5599,0.044056,0.20989525,-6.7800,0.209895,0.39192373,-4.0680,0.391924,0.73181367,-1.3560,0.731814
2721.8437,2.721844,0.04356076,-13.6090,0.043561,0.20871215,-6.8045,0.208712,0.39059676,-4.0827,0.390597,0.73098682,-1.3609,0.730987
2731.6633,2.731663,0.04307107,-13.6581,0.043071,0.20753571,-6.8291,0.207536,0.38927428,-4.0974,0.389274,0.73016089,-1.3658,0.730161
2741.4830,2.741483,0.04258689,-13.7072,0.042587,0.20636591,-6.8536,0.206366,0.38795627,-4.1122,0.387956,0.72933590,-1.3707,0.729336
2751.3026,2.751303,0.04210815,-13.7563,0.042108,0.20520271,-6.8782,0.205203,0.38664273,-4.1269,0.386643,0.72851185,-1.3756,0.728512
2761.1222,2.761122,0.04163479,-13.8054,0.041635,0.20404606,-6.9027,0.204046,0.38533364,-4.1416,0.385334,0.72768872,-1.3805,0.727689
2770.9419,2.770942,0.04116676,-13.8545,0.041167,0.20289593,-6.9273,0.202896,0.38402898,-4.1564,0.384029,0.72686652,-1.3855,0.726867
2780.7615,2.780762,0.04070398,-13.9036,0.040704,0.20175228,-6.9518,0.201752,0.38272874,-4.1711,0.382729,0.72604525,-1.3904,0.726045
2790.5812,2.790581,0.04024641,-13.9527,0.040246,0.20061508,-6.9764,0.200615,0.38143289,-4.1858,0.381433,0.72522491,-1.3953,0.725225
2800.4008,2.800401,0.03979398,-14.0018,0.039794,0.19948429,-7.0009,0.199484,0.38014144,-4.2005,0.380141,0.72440550,-1.4002,0.724405
2810.2204,2.810220,0.03934664,-14.0509,0.039347,0.19835987,-7.0255,0.198360,0.37885436,-4.2153,0.378854,0.72358701,-1.4051,0.723587
2820.0401,2.820040,0.03890432,-14.1000,0.038904,0.19724179,-7.0500,0.197242,0.37757164,-4.2300,0.377572,0.72276945,-1.4100,0.722769
2829.8597,2.829860,0.03846698,-14.1491,0.038467,0.19613001,-7.0746,0.196130,0.37629326,-4.2447,0.376293,0.72195281,-1.4149,0.721953
2839.6794,2.839679,0.03803456,-14.1982,0.038035,0.19502450,-7.0991,0.195025,0.37501920,-4.2595,0.375019,0.72113710,-1.4198,0.721137
2849.4990,2.849499,0.03760699,-14.2473,0.037607,0.19392522,-7.1237,0.193925,0.37374947,-4.2742,0.373749,0.72032230,-1.4247,0.720322
2859.3186,2.859319,0.03718423,-14.2964,0.037184,0.19283214,-7.1482,0.192832,0.37248403,-4.2889,0.372484,0.71950843,-1.4296,0.719508
2869.1383,2.869138,0.03676623,-14.3455,0.036766,0.19174522,-7.1728,0.191745,0.37122287,-4.3037,0.371223,0.71869547,-1.4346,0.718695
2878.9579,2.878958,0.03635292,-14.3946,0.036353,0.19066442,-7.1973,0.190664,0.36996599,-4.3184,0.369966,0.71788344,-1.4395,0.717883
2888.7776,2.888778,0.03594426,-14.4437,0.035944,0.18958972,-7.2219,0.189590,0.36871336,-4.3331,0.368713,0.71707232,-1.4444,0.717072
2898.5972,2.898597,0.03554020,-14.4928,0.035540,0.18852108,-7.2464,0.188521,0.36746497,-4.3478,0.367465,0.71626212,-1.4493,0.716262
2908.4168,2.908417,0.03514067,-14.5419,0.035141,0.18745845,-7.2709,0.187458,0.36622081,-4.3626,0.366221,0.71545283,-1.4542,0.715453
2918.2365,2.918236,0.03474564,-14.5910,0.034746,0.18640182,-7.2955,0.186402,0.36498086,-4.3773,0.364981,0.71464446,-1.4591,0.714644
2928.0561,2.928056,0.03435505,-14.6401,0.034355,0.18535114,-7.3200,0.185351,0.36374511,-4.3920,0.363745,0.71383700,-1.4640,0.713837
2937.8758,2.937876,0.03396885,-14.6892,0.033969,0.18430639,-7.3446,0.184306,0.36251354,-4.4068,0.362514,0.71303045,-1.4689,0.713030
2947.6954,2.947695,0.03358699,-14.7383,0.033587,0.18326753,-7.3691,0.183268,0.36128615,-4.4215,0.361286,0.71222482,-1.4738,0.712225
2957.5150,2.957515,0.03320942,-14.7874,0.033209,0.18223452,-7.3937,0.182235,0.36006291,-4.4362,0.360063,0.71142009,-1.4787,0.711420
2967.3347,2.967335,0.03283610,-14.8365,0.032836,0.18120733,-7.4182,0.181207,0.35884381,-4.4509,0.358844,0.71061628,-1.4836,0.710616
2977.1543,2.977154,0.03246697,-14.8856,0.032467,0.18018593,-7.4428,0.180186,0.35762883,-4.4657,0.357629,0.70981337,-1.4886,0.709813
2986.9739,2.986974,0.03210199,-14.9347,0.032102,0.17917029,-7.4673,0.179170,0.35641798,-4.4804,0.356418,0.70901137,-1.4935,0.709011
2996.7936,2.996794,0.03174112,-14.9838,0.031741,0.17816038,-7.4919,0.178160,0.35521122,-4.4951,0.355211,0.70821028,-1.4984,0.708210
3006.6132,3.006613,0.03138430,-15.0329,0.031384,0.17715615,-7.5164,0.177156,0.35400855,-4.5099,0.354009,0.70741009,-1.5033,0.707410
3016.4329,3.016433,0.03103150,-15.0820,0.031031,0.17615759,-7.5410,0.176158,0.35280995,-4.5246,0.352810,0.70661080,-1.5082,0.706611
3026.2525,3.026253,0.03068266,-15.1311,0.030683,0.17516466,-7.5655,0.175165,0.35161540,-4.5393,0.351615,0.70581242,-1.5131,0.705812
3036.0721,3.036072,0.03033774,-15.1802,0.030338,0.17417732,-7.5901,0.174177,0.35042491,-4.5541,0.350425,0.70501494,-1.5180,0.705015
3045.8918,3.045892,0.02999670,-15.2293,0.029997,0.17319555,-7.6146,0.173196,0.34923844,-4.5688,0.349238,0.70421836,-1.5229,0.704218
3055.7114,3.055711,0.02965949,-15.2784,0.029659,0.17221931,-7.6392,0.172219,0.34805599,-4.5835,0.348056,0.70342269,-1.5278,0.703423
3065.5311,3.065531,0.02932608,-15.3275,0.029326,0.17124858,-7.6637,0.171249,0.34687754,-4.5982,0.346878,0.70262791,-1.5327,0.702628
3075.3507,3.075351,0.02899641,-15.3766,0.028996,0.17028331,-7.6883,0.170283,0.34570309,-4.6130,0.345703,0.70183402,-1.5377,0.701834
3085.1703,3.085170,0.02867044,-15.4257,0.028670,0.16932349,-7.7128,0.169323,0.34453261,-4.6277,0.344533,0.70104104,-1.5426,0.701041
3094.9900,3.094990,0.02834815,-15.4748,0.028348,0.16836908,-7.7374,0.168369,0.34336609,-4.6424,0.343366,0.70024895,-1.5475,0.700249
3104.8096,3.104810,0.02802947,-15.5239,0.028029,0.16742005,-7.7619,0.167420,0.34220352,-4.6572,0.342204,0.69945776,-1.5524,0.699458
3114.6293,3.114629,0.02771438,-15.5729,0.027714,0.16647636,-7.7865,0.166476,0.34104489,-4.6719,0.341045,0.69866746,-1.5573,0.698667
3124.4489,3.124449,0.02740283,-15.6220,0.027403,0.16553800,-7.8110,0.165538,0.33989018,-4.6866,0.339890,0.69787805,-1.5622,0.697878
3134.2685,3.134269,0.02709478,-15.6711,0.027095,0.16460492,-7.8356,0.164605,0.33873938,-4.7013,0.338739,0.69708954,-1.5671,0.697090
3144.0882,3.144088,0.02679020,-15.7202,0.026790,0.16367711,-7.8601,0.163677,0.33759248,-4.7161,0.337592,0.69630191,-1.5720,0.696302
3153.9078,3.153908,0.02648903,-15.7693,0.026489,0.16275452,-7.8847,0.162755,0.33644946,-4.7308,0.336449,0.69551518,-1.5769,0.695515
3163.7275,3.163727,0.02619126,-15.8184,0.026191,0.16183714,-7.9092,0.161837,0.33531031,-4.7455,0.335310,0.69472933,-1.5818,0.694729
3173.5471,3.173547,0.02589683,-15.8675,0.025897,0.16092492,-7.9338,0.160925,0.33417502,-4.7603,0.334175,0.69394438,-1.5868,0.693944
3183.3667,3.183367,0.02560571,-15.9166,0.025606,0.16001785,-7.9583,0.160018,0.33304357,-4.7750,0.333044,0.69316031,-1.5917,0.693160
3193.1864,3.193186,0.02531787,-15.9657,0.025318,0.15911589,-7.9829,0.159116,0.33191596,-4.7897,0.331916,0.69237712,-1.5966,0.692377
3203.0060,3.203006,0.02503326,-16.0148,0.025033,0.15821901,-8.0074,0.158219,0.33079216,-4.8044,0.330792,0.69159482,-1.6015,0.691595
3212.8257,3.212826,0.02475185,-16.0639,0.024752,0.15732719,-8.0320,0.157327,0.32967216,-4.8192,0.329672,0.69081341,-1.6064,0.690813
3222.6453,3.222645,0.02447360,-16.1130,0.024474,0.15644040,-8.0565,0.156440,0.32855596,-4.8339,0.328556,0.69003288,-1.6113,0.690033
3232.4649,3.232465,0.02419848,-16.1621,0.024198,0.15555860,-8.0811,0.155559,0.32744354,-4.8486,0.327444,0.68925323,-1.6162,0.689253
3242.2846,3.242285,0.02392645,-16.2112,0.023926,0.15468178,-8.1056,0.154682,0.32633488,-4.8634,0.326335,0.68847446,-1.6211,0.688474
3252.1042,3.252104,0.02365748,-16.2603,0.023657,0.15380990,-8.1302,0.153810,0.32522998,-4.8781,0.325230,0.68769657,-1.6260,0.687697
3261.9238,3.261924,0.02339154,-16.3094,0.023392,0.15294293,-8.1547,0.152943,0.32412881,-4.8928,0.324129,0.68691955,-1.6309,0.686920
3271.7435,3.271743,0.02312858,-16.3585,0.023129,0.15208085,-8.1793,0.152081,0.32303138,-4.9076,0.323031,0.68614342,-1.6359,0.686143
3281.5631,3.281563,0.02286858,-16.4076,0.022869,0.15122362,-8.2038,0.151224,0.32193766,-4.9223,0.321938,0.68536817,-1.6408,0.685368
3291.3828,3.291383,0.02261151,-16.4567,0.022612,0.15037123,-8.2284,0.150371,0.32084765,-4.9370,0.320848,0.68459379,-1.6457,0.684594
3301.2024,3.301202,0.02235732,-16.5058,0.022357,0.14952365,-8.2529,0.149524,0.31976132,-4.9517,0.319761,0.68382028,-1.6506,0.683820
3311.0220,3.311022,0.02210599,-16.5549,0.022106,0.14868084,-8.2774,0.148681,0.31867868,-4.9665,0.318679,0.68304765,-1.6555,0.683048
3320.8417,3.320842,0.02185749,-16.6040,0.021857,0.14784278,-8.3020,0.147843,0.31759969,-4.9812,0.317600,0.68227589,-1.6604,0.682276
3330.6613,3.330661,0.02161178,-16.6531,0.021612,0.14700945,-8.3265,0.147009,0.31652437,-4.9959,0.316524,0.68150501,-1.6653,0.681505
3340.4810,3.340481,0.02136883,-16.7022,0.021369,0.14618081,-8.3511,0.146181,0.31545268,-5.0107,0.315453,0.68073499,-1.6702,0.680735
3350.3006,3.350301,0.02112861,-16.7513,0.021129,0.14535685,-8.3756,0.145357,0.31438462,-5.0254,0.314385,0.67996584,-1.6751,0.679966
3360.1202,3.360120,0.02089110,-16.8004,0.020891,0.14453752,-8.4002,0.144538,0.31332018,-5.0401,0.313320,0.67919757,-1.6800,0.679198
3369.9399,3.369940,0.02065625,-16.8495,0.020656,0.14372282,-8.4247,0.143723,0.31225934,-5.0548,0.312259,0.67843016,-1.6849,0.678430
3379.7595,3.379760,0.02042404,-16.8986,0.020424,0.14291271,-8.4493,0.142913,0.31120210,-5.0696,0.311202,0.67766362,-1.6899,0.677664
3389.5792,3.389579,0.02019445,-16.9477,0.020194,0.14210717,-8.4738,0.142107,0.31014843,-5.0843,0.310148,0.67689794,-1.6948,0.676898
3399.3988,3.399399,0.01996743,-16.9968,0.019967,0.14130616,-8.4984,0.141306,0.30909833,-5.0990,0.309098,0.67613313,-1.6997,0.676133
3409.2184,3.409218,0.01974297,-17.0459,0.019743,0.14050967,-8.5229,0.140510,0.30805179,-5.1138,0.308052,0.67536919,-1.7046,0.675369
3419.0381,3.419038,0.01952103,-17.0950,0.019521,0.13971767,-8.5475,0.139718,0.30700879,-5.1285,0.307009,0.67460611,-1.7095,0.674606
3428.8577,3.428858,0.01930158,-17.1441,0.019302,0.13893014,-8.5720,0.138930,0.30596932,-5.1432,0.305969,0.67384389,-1.7144,0.673844
3438.6774,3.438677,0.01908460,-17.1932,0.019085,0.13814704,-8.5966,0.138147,0.30493337,-5.1580,0.304933,0.67308253,-1.7193,0.673083
3448.4970,3.448497,0.01887007,-17.2423,0.018870,0.13736836,-8.6211,0.137368,0.30390093,-5.1727,0.303901,0.67232203,-1.7242,0.672322
3458.3166,3.458317,0.01865794,-17.2914,0.018658,0.13659406,-8.6457,0.136594,0.30287198,-5.1874,0.302872,0.67156239,-1.7291,0.671562
3468.1363,3.468136,0.01844820,-17.3405,0.018448,0.13582414,-8.6702,0.135824,0.30184652,-5.2021,0.301847,0.67080361,-1.7340,0.670804
3477.9559,3.477956,0.01824081,-17.3896,0.018241,0.13505855,-8.6948,0.135059,0.30082453,-5.2169,0.300825,0.67004568,-1.7390,0.670046
3487.7756,3.487776,0.01803576,-17.4387,0.018036,0.13429727,-8.7193,0.134297,0.29980600,-5.2316,0.299806,0.66928862,-1.7439,0.669289
3497.5952,3.497595,0.01783301,-17.4878,0.017833,0.13354029,-8.7439,0.133540,0.29879091,-5.2463,0.298791,0.66853240,-1.7488,0.668532
3507.4148,3.507415,0.01763254,-17.5369,0.017633,0.13278757,-8.7684,0.132788,0.29777927,-5.2611,0.297779,0.66777705,-1.7537,0.667777
3517.2345,3.517234,0.01743432,-17.5859,0.017434,0.13203910,-8.7930,0.132039,0.29677105,-5.2758,0.296771,0.66702254,-1.7586,0.667023
3527.0541,3.527054,0.01723834,-17.6350,0.017238,0.13129485,-8.8175,0.131295,0.29576624,-5.2905,0.295766,0.66626889,-1.7635,0.666269
3536.8737,3.536874,0.01704455,-17.6841,0.017045,0.13055479,-8.8421,0.130555,0.29476484,-5.3052,0.294765,0.66551609,-1.7684,0.665516
3546.6934,3.546693,0.01685295,-17.7332,0.016853,0.12981890,-8.8666,0.129819,0.29376683,-5.3200,0.293767,0.66476414,-1.7733,0.664764
3556.5130,3.556513,0.01666349,-17.7823,0.016663,0.12908716,-8.8912,0.129087,0.29277219,-5.3347,0.292772,0.66401304,-1.7782,0.664013
3566.3327,3.566333,0.01647617,-17.8314,0.016476,0.12835954,-8.9157,0.128360,0.29178093,-5.3494,0.291781,0.66326279,-1.7831,0.663263
3576.1523,3.576152,0.01629096,-17.8805,0.016291,0.12763603,-8.9403,0.127636,0.29079301,-5.3642,0.290793,0.66251338,-1.7881,0.662513
3585.9719,3.585972,0.01610782,-17.9296,0.016108,0.12691659,-8.9648,0.126917,0.28980845,-5.3789,0.289808,0.66176483,-1.7930,0.661765
3595.7916,3.595792,0.01592675,-17.9787,0.015927,0.12620121,-8.9894,0.126201,0.28882722,-5.3936,0.288827,0.66101712,-1.7979,0.661017
3605.6112,3.605611,0.01574771,-18.0278,0.015748,0.12548986,-9.0139,0.125490,0.28784931,-5.4083,0.287849,0.66027025,-1.8028,0.660270
3615.4309,3.615431,0.01557068,-18.0769,0.015571,0.12478252,-9.0385,0.124783,0.28687471,-5.4231,0.286875,0.65952423,-1.8077,0.659524
3625.2505,3.625251,0.01539564,-18.1260,0.015396,0.12407917,-9.0630,0.124079,0.28590341,-5.4378,0.285903,0.65877905,-1.8126,0.658779
3635.0701,3.635070,0.01522257,-18.1751,0.015223,0.12337979,-9.0876,0.123380,0.28493540,-5.4525,0.284935,0.65803471,-1.8175,0.658035
3644.8898,3.644890,0.01505145,-18.2242,0.015051,0.12268434,-9.1121,0.122684,0.28397067,-5.4673,0.283971,0.65729121,-1.8224,0.657291
3654.7094,3.654709,0.01488225,-18.2733,0.014882,0.12199282,-9.1367,0.121993,0.28300920,-5.4820,0.283009,0.65654856,-1.8273,0.656549
3664.5291,3.664529,0.01471495,-18.3224,0.014715,0.12130519,-9.1612,0.121305,0.28205099,-5.4967,0.282051,0.65580674,-1.8322,0.655807
3674.3487,3.674349,0.01454953,-18.3715,0.014550,0.12062144,-9.1858,0.120621,0.28109602,-5.5115,0.281096,0.65506576,-1.8372,0.655066
3684.1683,3.684168,0.01438597,-18.4206,0.014386,0.11994154,-9.2103,0.119942,0.28014429,-5.5262,0.280144,0.65432562,-1.8421,0.654326
3693.9880,3.693988,0.01422425,-18.4697,0.014224,0.11926547,-9.2349,0.119265,0.27919578,-5.5409,0.279196,0.65358631,-1.8470,0.653586
3703.8076,3.703808,0.01406435,-18.5188,0.014064,0.11859322,-9.2594,0.118593,0.27825048,-5.5556,0.278250,0.65284784,-1.8519,0.652848
3713.6273,3.713627,0.01390625,-18.5679,0.013906,0.11792475,-9.2840,0.117925,0.27730838,-5.5704,0.277308,0.65211020,-1.8568,0.652110
3723.4469,3.723447,0.01374992,-18.6170,0.013750,0.11726006,-9.3085,0.117260,0.27636947,-5.5851,0.276369,0.65137340,-1.8617,0.651373
3733.2665,3.733267,0.01359535,-18.6661,0.013595,0.11659911,-9.3330,0.116599,0.27543374,-5.5998,0.275434,0.65063743,-1.8666,0.650637
3743.0862,3.743086,0.01344252,-18.7152,0.013443,0.11594188,-9.3576,0.115942,0.27450118,-5.6146,0.274501,0.64990229,-1.8715,0.649902
3752.9058,3.752906,0.01329141,-18.7643,0.013291,0.11528836,-9.3821,0.115288,0.27357177,-5.6293,0.273572,0.64916798,-1.8764,0.649168
3762.7255,3.762725,0.01314199,-18.8134,0.013142,0.11463852,-9.4067,0.114639,0.27264551,-5.6440,0.272646,0.64843451,-1.8813,0.648435
3772.5451,3.772545,0.01299426,-18.8625,0.012994,0.11399235,-9.4312,0.113992,0.27172239,-5.6587,0.271722,0.64770186,-1.8862,0.647702
3782.3647,3.782365,0.01284818,-18.9116,0.012848,0.11334982,-9.4558,0.113350,0.27080239,-5.6735,0.270802,0.64697004,-1.8912,0.646970
3792.1844,3.792184,0.01270375,-18.9607,0.012704,0.11271091,-9.4803,0.112711,0.26988551,-5.6882,0.269886,0.64623904,-1.8961,0.646239
3802.0040,3.802004,0.01256094,-19.0098,0.012561,0.11207560,-9.5049,0.112076,0.26897174,-5.7029,0.268972,0.64550887,-1.9010,0.645509
3811.8236,3.811824,0.01241974,-19.0589,0.012420,0.11144387,-9.5294,0.111444,0.26806105,-5.7177,0.268061,0.64477953,-1.9059,0.644780
3821.6433,3.821643,0.01228012,-19.1080,0.012280,0.11081571,-9.5540,0.110816,0.26715345,-5.7324,0.267153,0.64405101,-1.9108,0.644051
3831.4629,3.831463,0.01214207,-19.1571,0.012142,0.11019108,-9.5785,0.110191,0.26624893,-5.7471,0.266249,0.64332331,-1.9157,0.643323
3841.2826,3.841283,0.01200558,-19.2062,0.012006,0.10956997,-9.6031,0.109570,0.26534746,-5.7619,0.265347,0.64259644,-1.9206,0.642596
3851.1022,3.851102,0.01187062,-19.2553,0.011871,0.10895237,-9.6276,0.108952,0.26444905,-5.7766,0.264449,0.64187038,-1.9255,0.641870
3860.9218,3.860922,0.01173718,-19.3044,0.011737,0.10833825,-9.6522,0.108338,0.26355368,-5.7913,0.263554,0.64114515,-1.9304,0.641145
3870.7415,3.870741,0.01160523,-19.3535,0.011605,0.10772759,-9.6767,0.107728,0.26266134,-5.8060,0.262661,0.64042074,-1.9353,0.640421
3880.5611,3.880561,0.01147477,-19.4026,0.011475,0.10712037,-9.7013,0.107120,0.26177202,-5.8208,0.261772,0.63969714,-1.9403,0.639697
3890.3808,3.890381,0.01134578,-19.4517,0.011346,0.10651657,-9.7258,0.106517,0.26088572,-5.8355,0.260886,0.63897436,-1.9452,0.638974
3900.2004,3.900200,0.01121824,-19.5008,0.011218,0.10591618,-9.7504,0.105916,0.26000241,-5.8502,0.260002,0.63825240,-1.9501,0.638252
3910.0200,3.910020,0.01109213,-19.5499,0.011092,0.10531917,-9.7749,0.105319,0.25912209,-5.8650,0.259122,0.63753126,-1.9550,0.637531
3919.8397,3.919840,0.01096743,-19.5989,0.010967,0.10472552,-9.7995,0.104726,0.25824476,-5.8797,0.258245,0.63681093,-1.9599,0.636811
3929.6593,3.929659,0.01084414,-19.6480,0.010844,0.10413522,-9.8240,0.104135,0.25737040,-5.8944,0.257370,0.63609141,-1.9648,0.636091
3939.4790,3.939479,0.01072224,-19.6971,0.010722,0.10354825,-9.8486,0.103548,0.25649899,-5.9091,0.256499,0.63537271,-1.9697,0.635373
3949.2986,3.949299,0.01060171,-19.7462,0.010602,0.10296459,-9.8731,0.102965,0.25563054,-5.9239,0.255631,0.63465481,-1.9746,0.634655
3959.1182,3.959118,0.01048253,-19.7953,0.010483,0.10238422,-9.8977,0.102384,0.25476503,-5.9386,0.254765,0.63393773,-1.9795,0.633938
3968.9379,3.968938,0.01036469,-19.8444,0.010365,0.10180712,-9.9222,0.101807,0.25390244,-5.9533,0.253902,0.63322146,-1.9844,0.633221
3978.7575,3.978758,0.01024817,-19.8935,0.010248,0.10123327,-9.9468,0.101233,0.25304278,-5.9681,0.253043,0.63250600,-1.9894,0.632506
3988.5772,3.988577,0.01013297,-19.9426,0.010133,0.10066266,-9.9713,0.100663,0.25218603,-5.9828,0.252186,0.63179135,-1.9943,0.631791
3998.3968,3.998397,0.01001906,-19.9917,0.010019,0.10009526,-9.9959,0.100095,0.25133218,-5.9975,0.251332,0.63107751,-1.9992,0.631078
4008.2164,4.008216,0.00990643,-20.0408,0.009906,0.09953106,-10.0204,0.099531,0.25048122,-6.0122,0.250481,0.63036447,-2.0041,0.630364
4018.0361,4.018036,0.00979507,-20.0899,0.009795,0.09897004,-10.0450,0.098970,0.24963314,-6.0270,0.249633,0.62965223,-2.0090,0.629652
4027.8557,4.027856,0.00968496,-20.1390,0.009685,0.09841218,-10.0695,0.098412,0.24878794,-6.0417,0.248788,0.62894081,-2.0139,0.628941
4037.6754,4.037675,0.00957608,-20.1881,0.009576,0.09785747,-10.0941,0.097857,0.24794559,-6.0564,0.247946,0.62823018,-2.0188,0.628230
4047.4950,4.047495,0.00946844,-20.2372,0.009468,0.09730589,-10.1186,0.097306,0.24710610,-6.0712,0.247106,0.62752036,-2.0237,0.627520
4057.3146,4.057315,0.00936200,-20.2863,0.009362,0.09675741,-10.1432,0.096757,0.24626945,-6.0859,0.246269,0.62681134,-2.0286,0.626811
4067.1343,4.067134,0.00925675,-20.3354,0.009257,0.09621202,-10.1677,0.096212,0.24543563,-6.1006,0.245436,0.62610312,-2.0335,0.626103
4076.9539,4.076954,0.00915269,-20.3845,0.009153,0.09566971,-10.1923,0.095670,0.24460464,-6.1154,0.244605,0.62539571,-2.0385,0.625396
4086.7735,4.086774,0.00904980,-20.4336,0.009050,0.09513046,-10.2168,0.095130,0.24377645,-6.1301,0.243776,0.62468909,-2.0434,0.624689
4096.5932,4.096593,0.00894807,-20.4827,0.008948,0.09459425,-10.2414,0.094594,0.24295108,-6.1448,0.242951,0.62398327,-2.0483,0.623983
4106.4128,4.106413,0.00884748,-20.5318,0.008847,0.09406105,-10.2659,0.094061,0.24212849,-6.1595,0.242128,0.62327824,-2.0532,0.623278
4116.2325,4.116232,0.00874802,-20.5809,0.008748,0.09353087,-10.2905,0.093531,0.24130870,-6.1743,0.241309,0.62257402,-2.0581,0.622574
4126.0521,4.126052,0.00864968,-20.6300,0.008650,0.09300367,-10.3150,0.093004,0.24049168,-6.1890,0.240492,0.62187059,-2.0630,0.621871
4135.8717,4.135872,0.00855245,-20.6791,0.008552,0.09247944,-10.3395,0.092479,0.23967742,-6.2037,0.239677,0.62116795,-2.0679,0.621168
4145.6914,4.145691,0.00845631,-20.7282,0.008456,0.09195817,-10.3641,0.091958,0.23886592,-6.2185,0.238866,0.62046611,-2.0728,0.620466
4155.5110,4.155511,0.00836124,-20.7773,0.008361,0.09143984,-10.3886,0.091440,0.23805717,-6.2332,0.238057,0.61976506,-2.0777,0.619765
4165.3307,4.165331,0.00826725,-20.8264,0.008267,0.09092443,-10.4132,0.090924,0.23725116,-6.2479,0.237251,0.61906480,-2.0826,0.619065
4175.1503,4.175150,0.00817432,-20.8755,0.008174,0.09041192,-10.4377,0.090412,0.23644787,-6.2626,0.236448,0.61836534,-2.0875,0.618365
4184.9699,4.184970,0.00808242,-20.9246,0.008082,0.08990230,-10.4623,0.089902,0.23564731,-6.2774,0.235647,0.61766666,-2.0925,0.617667
4194.7896,4.194790,0.00799157,-20.9737,0.007992,0.08939556,-10.4868,0.089396,0.23484946,-6.2921,0.234849,0.61696878,-2.0974,0.616969
4204.6092,4.204609,0.00790173,-21.0228,0.007902,0.08889167,-10.5114,0.088892,0.23405430,-6.3068,0.234054,0.61627168,-2.1023,0.616272
4214.4289,4.214429,0.00781290,-21.0719,0.007813,0.08839062,-10.5359,0.088391,0.23326184,-6.3216,0.233262,0.61557537,-2.1072,0.615575
4224.2485,4.224248,0.00772507,-21.1210,0.007725,0.08789239,-10.5605,0.087892,0.23247207,-6.3363,0.232472,0.61487985,-2.1121,0.614880
4234.0681,4.234068,0.00763823,-21.1701,0.007638,0.08739698,-10.5850,0.087397,0.23168496,-6.3510,0.231685,0.61418511,-2.1170,0.614185
4243.8878,4.243888,0.00755237,-21.2192,0.007552,0.08690435,-10.6096,0.086904,0.23090053,-6.3658,0.230901,0.61349116,-2.1219,0.613491
4253.7074,4.253707,0.00746747,-21.2683,0.007467,0.08641451,-10.6341,0.086415,0.23011874,-6.3805,0.230119,0.61279799,-2.1268,0.612798
4263.5271,4.263527,0.00738352,-21.3174,0.007384,0.08592742,-10.6587,0.085927,0.22933961,-6.3952,0.229340,0.61210560,-2.1317,0.612106
4273.3467,4.273347,0.00730052,-21.3665,0.007301,0.08544308,-10.6832,0.085443,0.22856311,-6.4099,0.228563,0.61141400,-2.1366,0.611414
4283.1663,4.283166,0.00721845,-21.4156,0.007218,0.08496147,-10.7078,0.084961,0.22778924,-6.4247,0.227789,0.61072318,-2.1416,0.610723
4292.9860,4.292986,0.00713731,-21.4647,0.007137,0.08448258,-10.7323,0.084483,0.22701800,-6.4394,0.227018,0.61003314,-2.1465,0.610033
4302.8056,4.302806,0.00705707,-21.5138,0.007057,0.08400638,-10.7569,0.084006,0.22624936,-6.4541,0.226249,0.60934388,-2.1514,0.609344
4312.6253,4.312625,0.00697774,-21.5629,0.006978,0.08353287,-10.7814,0.083533,0.22548333,-6.4689,0.225483,0.60865540,-2.1563,0.608655
4322.4449,4.322445,0.00689930,-21.6119,0.006899,0.08306202,-10.8060,0.083062,0.22471989,-6.4836,0.224720,0.60796769,-2.1612,0.607968
4332.2645,4.332265,0.00682174,-21.6610,0.006822,0.08259383,-10.8305,0.082594,0.22395903,-6.4983,0.223959,0.60728077,-2.1661,0.607281
4342.0842,4.342084,0.00674506,-21.7101,0.006745,0.08212828,-10.8551,0.082128,0.22320075,-6.5130,0.223201,0.60659461,-2.1710,0.606595
4351.9038,4.351904,0.00666923,-21.7592,0.006669,0.08166536,-10.8796,0.081665,0.22244504,-6.5278,0.222445,0.60590924,-2.1759,0.605909
4361.7234,4.361723,0.00659426,-21.8083,0.006594,0.08120504,-10.9042,0.081205,0.22169188,-6.5425,0.221692,0.60522464,-2.1808,0.605225
4371.5431,4.371543,0.00652013,-21.8574,0.006520,0.08074732,-10.9287,0.080747,0.22094128,-6.5572,0.220941,0.60454081,-2.1857,0.604541
4381.3627,4.381363,0.00644683,-21.9065,0.006447,0.08029218,-10.9533,0.080292,0.22019322,-6.5720,0.220193,0.60385775,-2.1907,0.603858
4391.1824,4.391182,0.00637436,-21.9556,0.006374,0.07983960,-10.9778,0.079840,0.21944769,-6.5867,0.219448,0.60317547,-2.1956,0.603175
4401.0020,4.401002,0.00630270,-22.0047,0.006303,0.07938958,-11.0024,0.079390,0.21870469,-6.6014,0.218705,0.60249396,-2.2005,0.602494
4410.8216,4.410822,0.00623185,-22.0538,0.006232,0.07894209,-11.0269,0.078942,0.21796420,-6.6161,0.217964,0.60181321,-2.2054,0.601813
4420.6413,4.420641,0.00616180,-22.1029,0.006162,0.07849712,-11.0515,0.078497,0.21722621,-6.6309,0.217226,0.60113324,-2.2103,0.601133
4430.4609,4.430461,0.00609253,-22.1520,0.006093,0.07805466,-11.0760,0.078055,0.21649073,-6.6456,0.216491,0.60045404,-2.2152,0.600454
4440.2806,4.440281,0.00602404,-22.2011,0.006024,0.07761470,-11.1006,0.077615,0.21575774,-6.6603,0.215758,0.59977560,-2.2201,0.599776
4450.1002,4.450100,0.00595632,-22.2502,0.005956,0.07717721,-11.1251,0.077177,0.21502723,-6.6751,0.215027,0.59909793,-2.2250,0.599098
4459.9198,4.459920,0.00588936,-22.2993,0.005889,0.07674219,-11.1497,0.076742,0.21429919,-6.6898,0.214299,0.59842102,-2.2299,0.598421
4469.7395,4.469739,0.00582316,-22.3484,0.005823,0.07630963,-11.1742,0.076310,0.21357361,-6.7045,0.213574,0.59774488,-2.2348,0.597745
4479.5591,4.479559,0.00575770,-22.3975,0.005758,0.07587950,-11.1988,0.075879,0.21285050,-6.7193,0.212850,0.59706950,-2.2398,0.597070
4489.3788,4.489379,0.00569297,-22.4466,0.005693,0.07545179,-11.2233,0.075452,0.21212983,-6.7340,0.212130,0.59639489,-2.2447,0.596395
4499.1984,4.499198,0.00562898,-22.4957,0.005629,0.07502650,-11.2479,0.075027,0.21141160,-6.7487,0.211412,0.59572104,-2.2496,0.595721
4509.0180,4.509018,0.00556570,-22.5448,0.005566,0.07460360,-11.2724,0.074604,0.21069580,-6.7634,0.210696,0.59504795,-2.2545,0.595048
4518.8377,4.518838,0.00550313,-22.5939,0.005503,0.07418309,-11.2970,0.074183,0.20998243,-6.7782,0.209982,0.59437562,-2.2594,0.594376
4528.6573,4.528657,0.00544127,-22.6430,0.005441,0.07376495,-11.3215,0.073765,0.20927147,-6.7929,0.209271,0.59370405,-2.2643,0.593704
4538.4770,4.538477,0.00538010,-22.6921,0.005380,0.07334917,-11.3460,0.073349,0.20856292,-6.8076,0.208563,0.59303324,-2.2692,0.593033
4548.2966,4.548297,0.00531962,-22.7412,0.005320,0.07293572,-11.3706,0.072936,0.20785677,-6.8224,0.207857,0.59236319,-2.2741,0.592363
4558.1162,4.558116,0.00525982,-22.7903,0.005260,0.07252461,-11.3951,0.072525,0.20715301,-6.8371,0.207153,0.59169389,-2.2790,0.591694
4567.9359,4.567936,0.00520069,-22.8394,0.005201,0.07211582,-11.4197,0.072116,0.20645163,-6.8518,0.206452,0.59102535,-2.2839,0.591025
4577.7555,4.577756,0.00514223,-22.8885,0.005142,0.07170933,-11.4442,0.071709,0.20575263,-6.8665,0.205753,0.59035756,-2.2888,0.590358
4587.5752,4.587575,0.00508442,-22.9376,0.005084,0.07130513,-11.4688,0.071305,0.20505599,-6.8813,0.205056,0.58969053,-2.2938,0.589691
4597.3948,4.597395,0.00502727,-22.9867,0.005027,0.07090321,-11.4933,0.070903,0.20436172,-6.8960,0.204362,0.58902426,-2.2987,0.589024
4607.2144,4.607214,0.00497075,-23.0358,0.004971,0.07050356,-11.5179,0.070504,0.20366979,-6.9107,0.203670,0.58835873,-2.3036,0.588359
4617.0341,4.617034,0.00491487,-23.0849,0.004915,0.07010615,-11.5424,0.070106,0.20298021,-6.9255,0.202980,0.58769396,-2.3085,0.587694
4626.8537,4.626854,0.00485962,-23.1340,0.004860,0.06971099,-11.5670,0.069711,0.20229296,-6.9402,0.202293,0.58702994,-2.3134,0.587030
4636.6733,4.636673,0.00480499,-23.1831,0.004805,0.06931806,-11.5915,0.069318,0.20160803,-6.9549,0.201608,0.58636667,-2.3183,0.586367
4646.4930,4.646493,0.00475098,-23.2322,0.004751,0.06892734,-11.6161,0.068927,0.20092543,-6.9697,0.200925,0.58570415,-2.3232,0.585704
4656.3126,4.656313,0.00469757,-23.2813,0.004698,0.06853882,-11.6406,0.068539,0.20024514,-6.9844,0.200245,0.58504238,-2.3281,0.585042
4666.1323,4.666132,0.00464476,-23.3304,0.004645,0.06815249,-11.6652,0.068152,0.19956715,-6.9991,0.199567,0.58438136,-2.3330,0.584381
4675.9519,4.675952,0.00459255,-23.3795,0.004593,0.06776834,-11.6897,0.067768,0.19889146,-7.0138,0.198891,0.58372108,-2.3379,0.583721
4685.7715,4.685772,0.00454092,-23.4286,0.004541,0.06738636,-11.7143,0.067386,0.19821805,-7.0286,0.198218,0.58306155,-2.3429,0.583062
4695.5912,4.695591,0.00448987,-23.4777,0.004490,0.06700653,-11.7388,0.067007,0.19754692,-7.0433,0.197547,0.58240276,-2.3478,0.582403
4705.4108,4.705411,0.00443940,-23.5268,0.004439,0.06662884,-11.7634,0.066629,0.19687807,-7.0580,0.196878,0.58174472,-2.3527,0.581745
4715.2305,4.715230,0.00438950,-23.5759,0.004389,0.06625328,-11.7879,0.066253,0.19621148,-7.0728,0.196211,0.58108742,-2.3576,0.581087
4725.0501,4.725050,0.00434015,-23.6250,0.004340,0.06587983,-11.8125,0.065880,0.19554715,-7.0875,0.195547,0.58043086,-2.3625,0.580431
4734.8697,4.734870,0.00429136,-23.6740,0.004291,0.06550849,-11.8370,0.065508,0.19488507,-7.1022,0.194885,0.57977505,-2.3674,0.579775
4744.6894,4.744689,0.00424312,-23.7231,0.004243,0.06513925,-11.8616,0.065139,0.19422523,-7.1169,0.194225,0.57911998,-2.3723,0.579120
4754.5090,4.754509,0.00419542,-23.7722,0.004195,0.06477208,-11.8861,0.064772,0.19356762,-7.1317,0.193568,0.57846564,-2.3772,0.578466
4764.3287,4.764329,0.00414826,-23.8213,0.004148,0.06440698,-11.9107,0.064407,0.19291224,-7.1464,0.192912,0.57781205,-2.3821,0.577812
4774.1483,4.774148,0.00410163,-23.8704,0.004102,0.06404395,-11.9352,0.064044,0.19225908,-7.1611,0.192259,0.57715919,-2.3870,0.577159
4783.9679,4.783968,0.00405552,-23.9195,0.004056,0.06368296,-11.9598,0.063683,0.19160813,-7.1759,0.191608,0.57650708,-2.3920,0.576507
4793.7876,4.793788,0.00400993,-23.9686,0.004010,0.06332400,-11.9843,0.063324,0.19095938,-7.1906,0.190959,0.57585570,-2.3969,0.575856
4803.6072,4.803607,0.00396485,-24.0177,0.003965,0.06296707,-12.0089,0.062967,0.19031283,-7.2053,0.190313,0.57520505,-2.4018,0.575205
4813.4269,4.813427,0.00392028,-24.0668,0.003920,0.06261214,-12.0334,0.062612,0.18966847,-7.2200,0.189668,0.57455514,-2.4067,0.574555
4823.2465,4.823246,0.00387621,-24.1159,0.003876,0.06225922,-12.0580,0.062259,0.18902629,-7.2348,0.189026,0.57390597,-2.4116,0.573906
4833.0661,4.833066,0.00383264,-24.1650,0.003833,0.06190829,-12.0825,0.061908,0.18838629,-7.2495,0.188386,0.57325752,-2.4165,0.573258
4842.8858,4.842886,0.00378955,-24.2141,0.003790,0.06155934,-12.1071,0.061559,0.18774845,-7.2642,0.187748,0.57260982,-2.4214,0.572610
4852.7054,4.852705,0.00374695,-24.2632,0.003747,0.06121235,-12.1316,0.061212,0.18711277,-7.2790,0.187113,0.57196284,-2.4263,0.571963
4862.5251,4.862525,0.00370483,-24.3123,0.003705,0.06086732,-12.1562,0.060867,0.18647925,-7.2937,0.186479,0.57131659,-2.4312,0.571317
4872.3447,4.872345,0.00366318,-24.3614,0.003663,0.06052423,-12.1807,0.060524,0.18584787,-7.3084,0.185848,0.57067108,-2.4361,0.570671
4882.1643,4.882164,0.00362200,-24.4105,0.003622,0.06018308,-12.2053,0.060183,0.18521862,-7.3232,0.185219,0.57002629,-2.4411,0.570026
4891.9840,4.891984,0.00358129,-24.4596,0.003581,0.05984385,-12.2298,0.059844,0.18459151,-7.3379,0.184592,0.56938223,-2.4460,0.569382
4901.8036,4.901804,0.00354103,-24.5087,0.003541,0.05950654,-12.2544,0.059507,0.18396652,-7.3526,0.183967,0.56873890,-2.4509,0.568739
4911.6232,4.911623,0.00350122,-24.5578,0.003501,0.05917112,-12.2789,0.059171,0.18334365,-7.3673,0.183344,0.56809630,-2.4558,0.568096
4921.4429,4.921443,0.00346186,-24.6069,0.003462,0.05883759,-12.3035,0.058838,0.18272289,-7.3821,0.182723,0.56745442,-2.4607,0.567454
4931.2625,4.931263,0.00342295,-24.6560,0.003423,0.05850595,-12.3280,0.058506,0.18210422,-7.3968,0.182104,0.56681327,-2.4656,0.566813
4941.0822,4.941082,0.00338447,-24.7051,0.003384,0.05817617,-12.3525,0.058176,0.18148766,-7.4115,0.181488,0.56617284,-2.4705,0.566173
4950.9018,4.950902,0.00334642,-24.7542,0.003346,0.05784826,-12.3771,0.057848,0.18087318,-7.4263,0.180873,0.56553313,-2.4754,0.565533
4960.7214,4.960721,0.00330880,-24.8033,0.003309,0.05752219,-12.4016,0.057522,0.18026078,-7.4410,0.180261,0.56489415,-2.4803,0.564894
4970.5411,4.970541,0.00327161,-24.8524,0.003272,0.05719796,-12.4262,0.057198,0.17965045,-7.4557,0.179650,0.56425589,-2.4852,0.564256
4980.3607,4.980361,0.00323483,-24.9015,0.003235,0.05687555,-12.4507,0.056876,0.17904219,-7.4704,0.179042,0.56361835,-2.4901,0.563618
4990.1804,4.990180,0.00319846,-24.9506,0.003198,0.05655497,-12.4753,0.056555,0.17843599,-7.4852,0.178436,0.56298154,-2.4951,0.562982
5000.0000,5.000000,0.00316251,-24.9997,0.003163,0.05623619,-12.4998,0.056236,0.17783184,-7.4999,0.177832,0.56234544,-2.5000,0.562345
