L_mm,n_organoids,freq_kHz,Q_glass,Q_silicon,contrast_mid_dB_glass,contrast_mid_dB_silicon,F_min_norm_glass,F_min_norm_silicon,F_max_glass,F_max_silicon,T_coupling_741kHz
1.0000,1,741.5000,8.32,12.03,18.5684,22.4432,1.000000,1.000000,1.03748215e-02,7.17508136e-03,0.800819
1.0481,1,707.4732,8.32,12.03,18.5684,22.4432,1.000000,1.000000,9.44449852e-03,6.53169390e-03,0.800819
1.0962,1,676.4324,8.32,12.03,18.5684,22.4432,1.000000,1.000000,8.63392906e-03,5.97112094e-03,0.800819
1.1443,1,648.0009,8.32,12.04,18.5684,22.4433,1.000000,1.000000,7.92339666e-03,5.47973327e-03,0.800819
1.1924,1,621.8630,8.32,12.04,18.5684,22.4433,1.000000,1.000000,7.29709985e-03,5.04659895e-03,0.800819
1.2405,1,597.7520,8.32,12.04,18.5685,22.4433,1.000000,1.000000,6.74222478e-03,4.66285822e-03,0.800819
1.2886,1,575.4409,8.32,12.04,18.5685,22.4433,1.000000,1.000000,6.24831226e-03,4.32127723e-03,0.800819
1.3367,1,554.7354,8.32,12.04,18.5685,22.4433,1.000000,1.000000,5.80675372e-03,4.01590211e-03,0.800819
1.3848,1,535.4682,8.32,12.04,18.5685,22.4434,1.000000,1.000000,5.41040134e-03,3.74179253e-03,0.800819
1.4329,1,517.4944,8.32,12.04,18.5685,22.4434,1.000000,1.000000,5.05328886e-03,3.49481810e-03,0.800819
1.4810,1,500.6881,8.32,12.04,18.5685,22.4434,1.000000,1.000000,4.73039628e-03,3.27150939e-03,0.800819
1.5291,2,969.8781,16.65,24.07,18.5676,22.4419,0.999845,0.999760,1.77502347e-02,1.22756928e-02,0.800819
1.5772,2,940.3011,16.65,24.07,18.5676,22.4419,0.999850,0.999768,1.66841395e-02,1.15384187e-02,0.800819
1.6253,2,912.4747,16.65,24.07,18.5676,22.4420,0.999855,0.999775,1.57112808e-02,1.08656213e-02,0.800819
1.6733,2,886.2479,16.65,24.07,18.5677,22.4421,0.999859,0.999781,1.48211003e-02,1.02500025e-02,0.800819
1.7214,2,861.4866,16.65,24.07,18.5677,22.4421,0.999863,0.999787,1.40044827e-02,9.68525468e-03,0.800819
1.7695,2,838.0713,16.65,24.07,18.5677,22.4422,0.999866,0.999793,1.32535484e-02,9.16593084e-03,0.800819
1.8176,2,815.8953,16.65,24.07,18.5678,22.4422,0.999870,0.999799,1.25614266e-02,8.68727906e-03,0.800819
1.8657,2,794.8625,16.65,24.07,18.5678,22.4423,0.999873,0.999804,1.19221414e-02,8.24516863e-03,0.800819
1.9138,2,774.8869,16.65,24.07,18.5678,22.4423,0.999877,0.999809,1.13304400e-02,7.83596383e-03,0.800819
1.9619,2,755.8907,16.65,24.07,18.5678,22.4423,0.999880,0.999813,1.07817256e-02,7.45648705e-03,0.800819
2.0100,2,737.8036,16.65,24.07,18.5679,22.4424,0.999882,0.999818,1.02719253e-02,7.10392111e-03,0.800819
2.0581,2,720.5618,16.65,24.07,18.5679,22.4424,0.999885,0.999822,9.79744807e-03,6.77578455e-03,0.800819
2.1062,2,704.1075,16.65,24.07,18.5679,22.4424,0.999888,0.999826,9.35509932e-03,6.46986721e-03,0.800819
2.1543,2,688.3879,16.65,24.07,18.5679,22.4425,0.999890,0.999830,8.94204640e-03,6.18421010e-03,0.800819
2.2024,2,673.3549,16.65,24.07,18.5679,22.4425,0.999893,0.999834,8.55575833e-03,5.91706206e-03,0.800819
2.2505,2,658.9644,16.65,24.07,18.5680,22.4425,0.999895,0.999838,8.19397090e-03,5.66685646e-03,0.800819
2.2986,2,645.1761,16.65,24.07,18.5680,22.4426,0.999897,0.999840,7.85465576e-03,5.43219365e-03,0.800819
2.3467,2,631.9530,16.65,24.07,18.5680,22.4426,0.999899,0.999844,7.53598853e-03,5.21180971e-03,0.800819
2.3948,2,619.2611,16.65,24.07,18.5680,22.4426,0.999901,0.999847,7.23632703e-03,5.00456934e-03,0.800819
2.4429,2,607.0689,16.65,24.07,18.5680,22.4426,0.999903,0.999850,6.95419009e-03,4.80945004e-03,0.800819
2.4910,2,595.3475,16.65,24.07,18.5681,22.4427,0.999905,0.999853,6.68824018e-03,4.62552322e-03,0.800819
2.5391,3,876.1054,24.97,36.09,18.5671,22.4412,0.999721,0.999567,1.44842768e-02,1.00170658e-02,0.800819
2.5872,3,859.8184,24.97,36.10,18.5671,22.4412,0.999726,0.999575,1.39507416e-02,9.64808922e-03,0.800819
2.6353,3,844.1259,24.97,36.10,18.5672,22.4413,0.999731,0.999583,1.34461546e-02,9.29913164e-03,0.800819
2.6834,3,828.9959,24.97,36.10,18.5672,22.4413,0.999736,0.999590,1.29684547e-02,8.96876874e-03,0.800819
2.7315,3,814.3988,24.97,36.10,18.5672,22.4413,0.999740,0.999598,1.25157675e-02,8.65570295e-03,0.800819
2.7796,3,800.3068,24.97,36.10,18.5672,22.4414,0.999745,0.999604,1.20863745e-02,8.35874709e-03,0.800819
2.8277,3,786.6942,24.97,36.10,18.5673,22.4414,0.999749,0.999611,1.16787074e-02,8.07681580e-03,0.800819
2.8758,3,773.5369,24.97,36.10,18.5673,22.4415,0.999753,0.999618,1.12913233e-02,7.80891142e-03,0.800819
2.9238,3,760.8125,24.97,36.10,18.5673,22.4415,0.999758,0.999624,1.09228971e-02,7.55411740e-03,0.800819
2.9719,3,748.5000,24.97,36.10,18.5673,22.4416,0.999761,0.999630,1.05722157e-02,7.31159440e-03,0.800819
3.0200,3,736.5796,24.97,36.10,18.5674,22.4416,0.999765,0.999636,1.02381521e-02,7.08056527e-03,0.800819
3.0681,3,725.0330,24.97,36.10,18.5674,22.4416,0.999769,0.999642,9.91967816e-03,6.86031674e-03,0.800819
3.1162,3,713.8428,24.97,36.10,18.5674,22.4417,0.999773,0.999648,9.61583445e-03,6.65018577e-03,0.800819
3.1643,3,702.9927,24.97,36.10,18.5674,22.4417,0.999776,0.999653,9.32574290e-03,6.44956519e-03,0.800819
3.2124,3,692.4676,24.97,36.10,18.5675,22.4417,0.999779,0.999658,9.04858116e-03,6.25788677e-03,0.800819
3.2605,3,682.2529,24.97,36.10,18.5675,22.4418,0.999783,0.999663,8.78359499e-03,6.07462765e-03,0.800819
3.3086,3,672.3353,24.97,36.10,18.5675,22.4418,0.999786,0.999668,8.53008050e-03,5.89930295e-03,0.800819
3.3567,3,662.7018,24.97,36.10,18.5675,22.4418,0.999789,0.999672,8.28738281e-03,5.73145936e-03,0.800819
3.4048,3,653.3405,24.97,36.10,18.5675,22.4419,0.999792,0.999677,8.05490117e-03,5.57067953e-03,0.800819
3.4529,3,644.2400,24.97,36.10,18.5676,22.4419,0.999795,0.999682,7.83206471e-03,5.41657036e-03,0.800819
3.5010,4,847.1860,33.29,48.12,18.5666,22.4403,0.999595,0.999372,1.35442505e-02,9.36697207e-03,0.800819
3.5491,4,835.7053,33.29,48.12,18.5666,22.4404,0.999600,0.999381,1.31796320e-02,9.11481257e-03,0.800819
3.5972,4,824.5315,33.29,48.12,18.5666,22.4404,0.999606,0.999389,1.28295420e-02,8.87270096e-03,0.800819
3.6453,4,813.6526,33.29,48.12,18.5667,22.4405,0.999611,0.999397,1.24932184e-02,8.64010900e-03,0.800819
3.6934,4,803.0570,33.29,48.12,18.5667,22.4405,0.999616,0.999405,1.21699487e-02,8.41654515e-03,0.800819
3.7415,4,792.7338,33.29,48.12,18.5667,22.4406,0.999621,0.999413,1.18590653e-02,8.20154668e-03,0.800819
3.7896,4,782.6727,33.29,48.12,18.5667,22.4406,0.999626,0.999420,1.15599457e-02,7.99468382e-03,0.800819
3.8377,4,772.8637,33.29,48.12,18.5668,22.4407,0.999630,0.999427,1.12719997e-02,7.79554755e-03,0.800819
3.8858,4,763.2976,33.29,48.12,18.5668,22.4407,0.999635,0.999434,1.09946817e-02,7.60376203e-03,0.800819
3.9339,4,753.9654,33.29,48.12,18.5668,22.4407,0.999640,0.999441,1.07274710e-02,7.41896578e-03,0.800819
3.9820,4,744.8586,33.29,48.12,18.5669,22.4408,0.999644,0.999448,1.04698867e-02,7.24082717e-03,0.800819
4.0301,4,735.9692,33.29,48.12,18.5669,22.4408,0.999648,0.999455,1.02214672e-02,7.06902666e-03,0.800819
4.0782,4,727.2894,33.29,48.12,18.5669,22.4409,0.999652,0.999461,9.98178842e-03,6.90327054e-03,0.800819
4.1263,4,718.8120,33.29,48.12,18.5669,22.4409,0.999656,0.999467,9.75043959e-03,6.74327564e-03,0.800819
4.1743,4,710.5300,33.29,48.13,18.5669,22.4409,0.999660,0.999473,9.52704313e-03,6.58877949e-03,0.800819
4.2224,4,702.4366,33.29,48.13,18.5670,22.4410,0.999664,0.999480,9.31123682e-03,6.43953276e-03,0.800819
4.2705,4,694.5256,33.29,48.13,18.5670,22.4410,0.999668,0.999485,9.10267989e-03,6.29529988e-03,0.800819
4.3186,4,686.7907,33.29,48.13,18.5670,22.4410,0.999672,0.999491,8.90105284e-03,6.15585948e-03,0.800819
4.3667,4,679.2263,33.29,48.13,18.5670,22.4411,0.999675,0.999497,8.70605303e-03,6.02100142e-03,0.800819
4.4148,4,671.8266,33.29,48.13,18.5670,22.4411,0.999679,0.999502,8.51738923e-03,5.89052641e-03,0.800819
4.4629,4,664.5864,33.29,48.13,18.5671,22.4411,0.999682,0.999507,8.33479501e-03,5.76424776e-03,0.800819
4.5110,5,821.8758,41.60,60.15,18.5661,22.4396,0.999476,0.999188,1.27474189e-02,8.81590673e-03,0.800819
4.5591,5,813.2055,41.60,60.15,18.5661,22.4396,0.999482,0.999197,1.24798689e-02,8.63087733e-03,0.800819
4.6072,5,804.7162,41.61,60.15,18.5661,22.4397,0.999487,0.999205,1.22206567e-02,8.45161280e-03,0.800819
4.6553,5,796.4023,41.61,60.15,18.5662,22.4397,0.999492,0.999213,1.19694348e-02,8.27787488e-03,0.800819
4.7034,5,788.2584,41.61,60.15,18.5662,22.4398,0.999497,0.999221,1.17258825e-02,8.10944061e-03,0.800819
4.7515,5,780.2794,41.61,60.15,18.5662,22.4398,0.999502,0.999229,1.14896878e-02,7.94609492e-03,0.800819
4.7996,5,772.4603,41.61,60.15,18.5663,22.4398,0.999508,0.999237,1.12605585e-02,7.78763519e-03,0.800819
4.8477,5,764.7964,41.61,60.15,18.5663,22.4399,0.999512,0.999244,1.10382161e-02,7.63386938e-03,0.800819
4.8958,5,757.2831,41.61,60.15,18.5663,22.4399,0.999517,0.999252,1.08223926e-02,7.48461103e-03,0.800819
4.9439,5,749.9159,41.61,60.15,18.5663,22.4400,0.999522,0.999259,1.06128405e-02,7.33969033e-03,0.800819
4.9920,5,742.6907,41.61,60.15,18.5664,22.4400,0.999526,0.999266,1.04093159e-02,7.19893817e-03,0.800819
5.0401,5,735.6034,41.61,60.15,18.5664,22.4400,0.999531,0.999273,1.02115882e-02,7.06219435e-03,0.800819
5.0882,5,728.6501,41.61,60.15,18.5664,22.4401,0.999535,0.999280,1.00194424e-02,6.92931104e-03,0.800819
5.1363,5,721.8270,41.61,60.15,18.5664,22.4401,0.999540,0.999287,9.83266962e-03,6.80014353e-03,0.800819
5.1844,5,715.1305,41.61,60.15,18.5664,22.4401,0.999544,0.999293,9.65107019e-03,6.67455412e-03,0.800819
5.2325,5,708.5571,41.61,60.15,18.5665,22.4402,0.999548,0.999300,9.47445589e-03,6.55241133e-03,0.800819
5.2806,5,702.1034,41.61,60.15,18.5665,22.4402,0.999552,0.999306,9.30264583e-03,6.43359184e-03,0.800819
5.3287,5,695.7663,41.61,60.15,18.5665,22.4402,0.999556,0.999312,9.13546856e-03,6.31797582e-03,0.800819
5.3768,5,689.5425,41.61,60.15,18.5665,22.4403,0.999560,0.999319,8.97275403e-03,6.20544619e-03,0.800819
5.4248,5,683.4291,41.61,60.15,18.5666,22.4403,0.999564,0.999325,8.81435155e-03,6.09589858e-03,0.800819
5.4729,5,677.4231,41.61,60.15,18.5666,22.4403,0.999568,0.999331,8.66010597e-03,5.98922555e-03,0.800819
5.5210,6,805.8261,49.92,72.17,18.5656,22.4388,0.999358,0.999005,1.22547589e-02,8.47519706e-03,0.800819
5.5691,6,798.8669,49.92,72.17,18.5656,22.4389,0.999363,0.999013,1.20439911e-02,8.32943617e-03,0.800819
5.6172,6,792.0268,49.92,72.17,18.5657,22.4389,0.999369,0.999022,1.18386153e-02,8.18740381e-03,0.800819
5.6653,6,785.3028,49.92,72.17,18.5657,22.4389,0.999374,0.999030,1.16384481e-02,8.04897354e-03,0.800819
5.7134,6,778.6920,49.92,72.17,18.5657,22.4390,0.999379,0.999038,1.14433157e-02,7.91402525e-03,0.800819
5.7615,6,772.1917,49.92,72.17,18.5657,22.4390,0.999385,0.999046,1.12530486e-02,7.78244168e-03,0.800819
5.8096,6,765.7989,49.92,72.17,18.5658,22.4391,0.999390,0.999054,1.10674884e-02,7.65411309e-03,0.800819
5.8577,6,759.5111,49.92,72.17,18.5658,22.4391,0.999395,0.999062,1.08864799e-02,7.52893225e-03,0.800819
5.9058,6,753.3258,49.92,72.17,18.5658,22.4391,0.999400,0.999069,1.07098761e-02,7.40679791e-03,0.800819
5.9539,6,747.2403,49.92,72.17,18.5658,22.4392,0.999404,0.999077,1.05375361e-02,7.28761171e-03,0.800819
6.0020,6,741.2524,49.92,72.17,18.5659,22.4392,0.999409,0.999084,1.03693213e-02,7.17127888e-03,0.800819
6.0501,6,735.3597,49.92,72.17,18.5659,22.4393,0.999414,0.999092,1.02051015e-02,7.05770845e-03,0.800819
6.0982,6,729.5600,49.92,72.17,18.5659,22.4393,0.999418,0.999099,1.00447556e-02,6.94681714e-03,0.800819
6.1463,6,723.8510,49.92,72.17,18.5659,22.4393,0.999423,0.999106,9.88815657e-03,6.83851692e-03,0.800819
6.1944,6,718.2307,49.92,72.17,18.5660,22.4394,0.999428,0.999113,9.73519286e-03,6.73273120e-03,0.800819
6.2425,6,712.6970,49.92,72.17,18.5660,22.4394,0.999432,0.999120,9.58575009e-03,6.62938001e-03,0.800819
6.2906,6,707.2478,49.92,72.17,18.5660,22.4394,0.999436,0.999126,9.43972188e-03,6.52839009e-03,0.800819
6.3387,6,701.8814,49.93,72.17,18.5660,22.4395,0.999440,0.999133,9.29700715e-03,6.42969208e-03,0.800819
6.3868,6,696.5959,49.93,72.17,18.5660,22.4395,0.999445,0.999140,9.15750344e-03,6.33321469e-03,0.800819
6.4349,6,691.3893,49.93,72.17,18.5661,22.4395,0.999449,0.999146,9.02111632e-03,6.23889238e-03,0.800819
6.4830,6,686.2600,49.93,72.17,18.5661,22.4396,0.999453,0.999152,8.88775331e-03,6.14666167e-03,0.800819
6.5311,7,794.7406,58.24,84.19,18.5651,22.4380,0.999240,0.998822,1.19202387e-02,8.24385245e-03,0.800819
6.5792,7,788.9307,58.24,84.19,18.5651,22.4381,0.999245,0.998831,1.17465797e-02,8.12375449e-03,0.800819
6.6273,7,783.2052,58.24,84.19,18.5652,22.4381,0.999251,0.998839,1.15766889e-02,8.00626263e-03,0.800819
6.6754,7,777.5621,58.24,84.19,18.5652,22.4382,0.999256,0.998848,1.14104568e-02,7.89130100e-03,0.800819
6.7234,7,771.9999,58.24,84.19,18.5652,22.4382,0.999262,0.998856,1.12477804e-02,7.77879857e-03,0.800819
6.7715,7,766.5166,58.24,84.19,18.5652,22.4382,0.999267,0.998864,1.10885575e-02,7.66868405e-03,0.800819
6.8196,7,761.1106,58.24,84.19,18.5653,22.4383,0.999272,0.998872,1.09326929e-02,7.56089188e-03,0.800819
6.8677,7,755.7804,58.24,84.19,18.5653,22.4383,0.999277,0.998880,1.07800895e-02,7.45535578e-03,0.800819
6.9158,7,750.5243,58.24,84.19,18.5653,22.4384,0.999282,0.998888,1.06306614e-02,7.35201465e-03,0.800819
6.9639,7,745.3409,58.24,84.19,18.5653,22.4384,0.999287,0.998895,1.04843176e-02,7.25080741e-03,0.800819
7.0120,7,740.2285,58.24,84.19,18.5654,22.4384,0.999292,0.998903,1.03409757e-02,7.15167552e-03,0.800819
7.0601,7,735.1858,58.24,84.19,18.5654,22.4385,0.999297,0.998910,1.02005532e-02,7.05456289e-03,0.800819
7.1082,7,730.2113,58.24,84.19,18.5654,22.4385,0.999302,0.998918,1.00629720e-02,6.95941514e-03,0.800819
7.1563,7,725.3037,58.24,84.19,18.5654,22.4386,0.999306,0.998925,9.92815587e-03,6.86617946e-03,0.800819
7.2044,7,720.4616,58.24,84.19,18.5655,22.4386,0.999311,0.998932,9.79602989e-03,6.77480433e-03,0.800819
7.2525,7,715.6838,58.24,84.19,18.5655,22.4386,0.999315,0.998939,9.66652394e-03,6.68524143e-03,0.800819
7.3006,7,710.9688,58.24,84.19,18.5655,22.4387,0.999320,0.998946,9.53956911e-03,6.59744240e-03,0.800819
7.3487,7,706.3157,58.24,84.19,18.5655,22.4387,0.999325,0.998953,9.41509899e-03,6.51136167e-03,0.800819
7.3968,7,701.7230,58.24,84.19,18.5655,22.4387,0.999329,0.998960,9.29305066e-03,6.42695593e-03,0.800819
7.4449,7,697.1896,58.24,84.19,18.5656,22.4388,0.999333,0.998967,9.17335989e-03,6.34418060e-03,0.800819
7.4930,7,692.7145,58.24,84.20,18.5656,22.4388,0.999337,0.998973,9.05596544e-03,6.26299340e-03,0.800819
7.5411,8,786.6245,66.55,96.20,18.5646,22.4373,0.999122,0.998640,1.16783411e-02,8.07656245e-03,0.800819
7.5892,8,781.6393,66.55,96.20,18.5646,22.4373,0.999128,0.998648,1.15307749e-02,7.97450974e-03,0.800819
7.6373,8,776.7169,66.55,96.20,18.5647,22.4373,0.999133,0.998657,1.13859893e-02,7.87438002e-03,0.800819
7.6854,8,771.8561,66.55,96.20,18.5647,22.4374,0.999139,0.998665,1.12439126e-02,7.77612339e-03,0.800819
7.7335,8,767.0557,66.55,96.21,18.5647,22.4374,0.999144,0.998674,1.11044785e-02,7.67969451e-03,0.800819
7.7816,8,762.3147,66.55,96.21,18.5648,22.4375,0.999149,0.998682,1.09676226e-02,7.58504844e-03,0.800819
7.8297,8,757.6319,66.55,96.21,18.5648,22.4375,0.999155,0.998690,1.08332816e-02,7.49214155e-03,0.800819
7.8778,8,753.0064,66.56,96.21,18.5648,22.4376,0.999160,0.998698,1.07013938e-02,7.40093166e-03,0.800819
7.9259,8,748.4369,66.56,96.21,18.5648,22.4376,0.999165,0.998706,1.05718993e-02,7.31137655e-03,0.800819
7.9739,8,743.9226,66.56,96.21,18.5649,22.4376,0.999170,0.998714,1.04447410e-02,7.22343704e-03,0.800819
8.0220,8,739.4624,66.56,96.21,18.5649,22.4377,0.999175,0.998721,1.03198644e-02,7.13707536e-03,0.800819
8.0701,8,735.0554,66.56,96.21,18.5649,22.4377,0.999180,0.998729,1.01972128e-02,7.05225269e-03,0.800819
8.1182,8,730.7006,66.56,96.21,18.5649,22.4377,0.999184,0.998736,1.00767359e-02,6.96893377e-03,0.800819
8.1663,8,726.3971,66.56,96.21,18.5649,22.4378,0.999189,0.998744,9.95838020e-03,6.88708188e-03,0.800819
8.2144,8,722.1439,66.56,96.21,18.5650,22.4378,0.999194,0.998751,9.84209861e-03,6.80666438e-03,0.800819
8.2625,8,717.9403,66.56,96.21,18.5650,22.4378,0.999199,0.998758,9.72784127e-03,6.72764684e-03,0.800819
8.3106,8,713.7854,66.56,96.21,18.5650,22.4379,0.999204,0.998766,9.61556138e-03,6.64999671e-03,0.800819
8.3587,8,709.6783,66.56,96.21,18.5650,22.4379,0.999208,0.998773,9.50521590e-03,6.57368447e-03,0.800819
8.4068,8,705.6181,66.56,96.21,18.5651,22.4380,0.999213,0.998780,9.39675795e-03,6.49867768e-03,0.800819
8.4549,8,701.6042,66.56,96.21,18.5651,22.4380,0.999217,0.998787,9.29014597e-03,6.42494706e-03,0.800819
8.5030,9,784.8401,74.87,108.22,18.5641,22.4364,0.998999,0.998449,1.16257518e-02,8.04019291e-03,0.800819
8.5511,9,780.4257,74.87,108.22,18.5641,22.4365,0.999005,0.998458,1.14953277e-02,7.94999529e-03,0.800819
8.5992,9,776.0607,74.87,108.22,18.5642,22.4365,0.999010,0.998466,1.13670843e-02,7.86130569e-03,0.800819
8.6473,9,771.7443,74.87,108.22,18.5642,22.4366,0.999016,0.998475,1.12409770e-02,7.77409328e-03,0.800819
8.6954,9,767.4756,74.87,108.22,18.5642,22.4366,0.999021,0.998483,1.11169564e-02,7.68832400e-03,0.800819
8.7435,9,763.2538,74.87,108.22,18.5642,22.4367,0.999027,0.998492,1.09949767e-02,7.60396591e-03,0.800819
8.7916,9,759.0783,74.87,108.22,18.5643,22.4367,0.999032,0.998500,1.08749928e-02,7.52098830e-03,0.800819
8.8397,9,754.9482,74.87,108.22,18.5643,22.4367,0.999037,0.998508,1.07569636e-02,7.43936235e-03,0.800819
8.8878,9,750.8628,74.87,108.22,18.5643,22.4368,0.999043,0.998516,1.06408439e-02,7.35905694e-03,0.800819
8.9359,9,746.8214,74.87,108.22,18.5643,22.4368,0.999048,0.998524,1.05265962e-02,7.28004610e-03,0.800819
8.9840,9,742.8232,74.87,108.22,18.5644,22.4368,0.999053,0.998532,1.04141771e-02,7.20229977e-03,0.800819
9.0321,9,738.8677,74.87,108.22,18.5644,22.4369,0.999058,0.998540,1.03035506e-02,7.12579330e-03,0.800819
9.0802,9,734.9540,74.87,108.22,18.5644,22.4369,0.999063,0.998548,1.01946777e-02,7.05049933e-03,0.800819
9.1283,9,731.0816,74.87,108.22,18.5644,22.4370,0.999068,0.998555,1.00875191e-02,6.97639128e-03,0.800819
9.1764,9,727.2497,74.87,108.22,18.5645,22.4370,0.999073,0.998563,9.98204335e-03,6.90344682e-03,0.800819
9.2244,9,723.4579,74.87,108.23,18.5645,22.4370,0.999077,0.998570,9.87821323e-03,6.83164027e-03,0.800819
9.2725,9,719.7053,74.87,108.23,18.5645,22.4371,0.999082,0.998578,9.77599350e-03,6.76094775e-03,0.800819
9.3206,9,715.9915,74.87,108.23,18.5645,22.4371,0.999087,0.998585,9.67535319e-03,6.69134724e-03,0.800819
9.3687,9,712.3158,74.87,108.23,18.5645,22.4371,0.999092,0.998592,9.57625850e-03,6.62281597e-03,0.800819
9.4168,9,708.6777,74.87,108.23,18.5646,22.4372,0.999096,0.998599,9.47867903e-03,6.55533211e-03,0.800819
9.4649,9,705.0765,74.87,108.23,18.5646,22.4372,0.999101,0.998607,9.38258300e-03,6.48887443e-03,0.800819
9.5130,10,779.4576,83.18,120.23,18.5636,22.4357,0.998882,0.998267,1.14671524e-02,7.93051008e-03,0.800819
9.5611,10,775.5366,83.18,120.23,18.5636,22.4357,0.998887,0.998276,1.13520612e-02,7.85091590e-03,0.800819
9.6092,10,771.6548,83.18,120.23,18.5637,22.4358,0.998893,0.998284,1.12386938e-02,7.77251436e-03,0.800819
9.6573,10,767.8118,83.18,120.23,18.5637,22.4358,0.998898,0.998293,1.11270157e-02,7.69528060e-03,0.800819
9.7054,10,764.0068,83.18,120.23,18.5637,22.4358,0.998904,0.998301,1.10169945e-02,7.61919275e-03,0.800819
9.7535,10,760.2394,83.18,120.23,18.5637,22.4359,0.998909,0.998310,1.09085978e-02,7.54422843e-03,0.800819
9.8016,10,756.5089,83.18,120.23,18.5638,22.4359,0.998915,0.998318,1.08017920e-02,7.47036432e-03,0.800819
9.8497,10,752.8149,83.18,120.23,18.5638,22.4360,0.998920,0.998326,1.06965475e-02,7.39757989e-03,0.800819
9.8978,10,749.1567,83.18,120.23,18.5638,22.4360,0.998925,0.998334,1.05928336e-02,7.32585390e-03,0.800819
9.9459,10,745.5340,83.18,120.23,18.5638,22.4360,0.998930,0.998343,1.04906205e-02,7.25516621e-03,0.800819
9.9940,10,741.9461,83.18,120.23,18.5639,22.4361,0.998936,0.998351,1.03898814e-02,7.18549755e-03,0.800819
10.0421,10,738.3925,83.18,120.24,18.5639,22.4361,0.998941,0.998358,1.02905846e-02,7.11682638e-03,0.800819
10.0902,10,734.8729,83.18,120.24,18.5639,22.4361,0.998946,0.998366,1.01927057e-02,7.04913573e-03,0.800819
10.1383,10,731.3866,83.18,120.24,18.5639,22.4362,0.998951,0.998374,1.00962147e-02,6.98240498e-03,0.800819
10.1864,10,727.9333,83.18,120.24,18.5640,22.4362,0.998956,0.998382,1.00010893e-02,6.91661848e-03,0.800819
10.2345,10,724.5124,83.18,120.24,18.5640,22.4363,0.998961,0.998389,9.90730193e-03,6.85175731e-03,0.800819
10.2826,10,721.1236,83.18,120.24,18.5640,22.4363,0.998965,0.998397,9.81482723e-03,6.78780415e-03,0.800819
10.3307,10,717.7662,83.18,120.24,18.5640,22.4363,0.998970,0.998404,9.72364081e-03,6.72474191e-03,0.800819
10.3788,10,714.4400,83.18,120.24,18.5640,22.4364,0.998975,0.998412,9.63371972e-03,6.66255470e-03,0.800819
10.4269,10,711.1445,83.18,120.24,18.5641,22.4364,0.998980,0.998419,9.54503946e-03,6.60122559e-03,0.800819
10.4749,10,707.8793,83.19,120.24,18.5641,22.4364,0.998984,0.998426,9.45757930e-03,6.54073992e-03,0.800819
10.5230,11,775.1083,91.49,132.24,18.5631,22.4349,0.998765,0.998085,1.13398496e-02,7.84247099e-03,0.800819
10.5711,11,771.5817,91.49,132.24,18.5631,22.4349,0.998770,0.998094,1.12368842e-02,7.77126270e-03,0.800819
10.6192,11,768.0871,91.49,132.24,18.5632,22.4350,0.998776,0.998103,1.11353149e-02,7.70102020e-03,0.800819
10.6673,11,764.6240,91.49,132.24,18.5632,22.4350,0.998781,0.998111,1.10351161e-02,7.63172522e-03,0.800819
10.7154,11,761.1920,91.49,132.24,18.5632,22.4351,0.998787,0.998120,1.09362641e-02,7.56336173e-03,0.800819
10.7635,11,757.7906,91.49,132.24,18.5632,22.4351,0.998792,0.998128,1.08387341e-02,7.49591267e-03,0.800819
10.8116,11,754.4196,91.49,132.24,18.5633,22.4351,0.998797,0.998136,1.07425029e-02,7.42936157e-03,0.800819
10.8597,11,751.0783,91.49,132.24,18.5633,22.4352,0.998803,0.998145,1.06475483e-02,7.36369330e-03,0.800819
10.9078,11,747.7666,91.49,132.24,18.5633,22.4352,0.998808,0.998153,1.05538464e-02,7.29889151e-03,0.800819
10.9559,11,744.4839,91.49,132.24,18.5633,22.4353,0.998813,0.998161,1.04613772e-02,7.23494222e-03,0.800819
11.0040,11,741.2299,91.49,132.24,18.5634,22.4353,0.998818,0.998169,1.03701163e-02,7.17182845e-03,0.800819
11.0521,11,738.0043,91.49,132.25,18.5634,22.4353,0.998824,0.998177,1.02800447e-02,7.10953725e-03,0.800819
11.1002,11,734.8066,91.49,132.25,18.5634,22.4354,0.998829,0.998185,1.01911430e-02,7.04805494e-03,0.800819
11.1483,11,731.6364,91.49,132.25,18.5634,22.4354,0.998834,0.998193,1.01033880e-02,6.98736583e-03,0.800819
11.1964,11,728.4936,91.50,132.25,18.5635,22.4354,0.998839,0.998200,1.00167628e-02,6.92745806e-03,0.800819
11.2445,11,725.3776,91.50,132.25,18.5635,22.4355,0.998844,0.998208,9.93124512e-03,6.86831603e-03,0.800819
11.2926,11,722.2881,91.50,132.25,18.5635,22.4355,0.998849,0.998216,9.84681938e-03,6.80992928e-03,0.800819
11.3407,11,719.2249,91.50,132.25,18.5635,22.4356,0.998854,0.998223,9.76346498e-03,6.75228334e-03,0.800819
11.3888,11,716.1875,91.50,132.25,18.5636,22.4356,0.998858,0.998231,9.68116525e-03,6.69536664e-03,0.800819
11.4369,11,713.1757,91.50,132.25,18.5636,22.4356,0.998863,0.998238,9.59990112e-03,6.63916652e-03,0.800819
11.4850,11,710.1891,91.50,132.25,18.5636,22.4357,0.998868,0.998246,9.51965620e-03,6.58367090e-03,0.800819
11.5331,12,771.5208,99.80,144.24,18.5626,22.4341,0.998647,0.997903,1.12354307e-02,7.77025755e-03,0.800819
11.5812,12,768.3167,99.80,144.24,18.5627,22.4342,0.998653,0.997912,1.11422903e-02,7.70584410e-03,0.800819
11.6293,12,765.1391,99.80,144.25,18.5627,22.4342,0.998658,0.997921,1.10503040e-02,7.64222872e-03,0.800819
11.6774,12,761.9876,99.80,144.25,18.5627,22.4342,0.998664,0.997930,1.09594513e-02,7.57939749e-03,0.800819
11.7255,12,758.8621,99.80,144.25,18.5627,22.4343,0.998669,0.997938,1.08697155e-02,7.51733854e-03,0.800819
11.7735,12,755.7620,99.80,144.25,18.5628,22.4343,0.998675,0.997946,1.07810763e-02,7.45603799e-03,0.800819
11.8216,12,752.6872,99.80,144.25,18.5628,22.4344,0.998680,0.997955,1.06935180e-02,7.39548488e-03,0.800819
11.8697,12,749.6373,99.80,144.25,18.5628,22.4344,0.998686,0.997963,1.06070213e-02,7.33566599e-03,0.800819
11.9178,12,746.6121,99.80,144.25,18.5628,22.4344,0.998691,0.997971,1.05215702e-02,7.27656987e-03,0.800819
11.9659,12,743.6111,99.80,144.25,18.5629,22.4345,0.998696,0.997979,1.04371476e-02,7.21818553e-03,0.800819
12.0140,12,740.6342,99.80,144.25,18.5629,22.4345,0.998701,0.997987,1.03537367e-02,7.16050071e-03,0.800819
12.0621,12,737.6810,99.80,144.25,18.5629,22.4346,0.998707,0.997996,1.02713215e-02,7.10350447e-03,0.800819
12.1102,12,734.7513,99.81,144.25,18.5629,22.4346,0.998712,0.998003,1.01898867e-02,7.04718624e-03,0.800819
12.1583,12,731.8447,99.81,144.25,18.5629,22.4346,0.998717,0.998011,1.01094168e-02,6.99153509e-03,0.800819
12.2064,12,728.9611,99.81,144.25,18.5630,22.4347,0.998722,0.998019,1.00298961e-02,6.93654061e-03,0.800819
12.2545,12,726.1001,99.81,144.26,18.5630,22.4347,0.998727,0.998027,9.95131002e-03,6.88219235e-03,0.800819
12.3026,12,723.2614,99.81,144.26,18.5630,22.4347,0.998732,0.998035,9.87364396e-03,6.82848049e-03,0.800819
12.3507,12,720.4449,99.81,144.26,18.5630,22.4348,0.998737,0.998042,9.79688367e-03,6.77539497e-03,0.800819
12.3988,12,717.6502,99.81,144.26,18.5631,22.4348,0.998742,0.998050,9.72101474e-03,6.72292577e-03,0.800819
12.4469,12,714.8772,99.81,144.26,18.5631,22.4348,0.998746,0.998057,9.64602384e-03,6.67106378e-03,0.800819
12.4950,12,712.1254,99.81,144.26,18.5631,22.4349,0.998751,0.998065,9.57189741e-03,6.61979978e-03,0.800819
12.5431,13,768.5110,108.11,156.25,18.5621,22.4333,0.998530,0.997722,1.11482466e-02,7.70996321e-03,0.800819
12.5912,13,765.5754,108.11,156.25,18.5622,22.4334,0.998536,0.997731,1.10632282e-02,7.65116670e-03,0.800819
12.6393,13,762.6622,108.11,156.25,18.5622,22.4334,0.998541,0.997739,1.09791765e-02,7.59303900e-03,0.800819
12.6874,13,759.7710,108.11,156.25,18.5622,22.4335,0.998547,0.997748,1.08960816e-02,7.53557281e-03,0.800819
12.7355,13,756.9017,108.11,156.25,18.5622,22.4335,0.998552,0.997756,1.08139248e-02,7.47875522e-03,0.800819
12.7836,13,754.0540,108.11,156.25,18.5623,22.4335,0.998558,0.997765,1.07326938e-02,7.42257783e-03,0.800819
12.8317,13,751.2276,108.11,156.25,18.5623,22.4336,0.998563,0.997773,1.06523755e-02,7.36703177e-03,0.800819
12.8798,13,748.4224,108.11,156.25,18.5623,22.4336,0.998568,0.997781,1.05729550e-02,7.31210670e-03,0.800819
12.9279,13,745.6380,108.11,156.25,18.5623,22.4337,0.998574,0.997790,1.04944198e-02,7.25779368e-03,0.800819
12.9760,13,742.8742,108.11,156.26,18.5624,22.4337,0.998579,0.997798,1.04167553e-02,7.20408298e-03,0.800819
13.0240,13,740.1309,108.11,156.26,18.5624,22.4337,0.998584,0.997806,1.03399505e-02,7.15096665e-03,0.800819
13.0721,13,737.4077,108.11,156.26,18.5624,22.4338,0.998589,0.997814,1.02639914e-02,7.09843522e-03,0.800819
13.1202,13,734.7045,108.11,156.26,18.5624,22.4338,0.998595,0.997822,1.01888670e-02,7.04648114e-03,0.800819
13.1683,13,732.0211,108.11,156.26,18.5625,22.4339,0.998600,0.997830,1.01145644e-02,6.99509508e-03,0.800819
13.2164,13,729.3572,108.12,156.26,18.5625,22.4339,0.998605,0.997838,1.00410707e-02,6.94426876e-03,0.800819
13.2645,13,726.7126,108.12,156.26,18.5625,22.4339,0.998610,0.997846,9.96837586e-03,6.89399473e-03,0.800819
13.3126,13,724.0871,108.12,156.26,18.5625,22.4340,0.998615,0.997854,9.89646805e-03,6.84426490e-03,0.800819
13.3607,13,721.4805,108.12,156.26,18.5625,22.4340,0.998620,0.997861,9.82533486e-03,6.79507106e-03,0.800819
13.4088,13,718.8926,108.12,156.26,18.5626,22.4340,0.998625,0.997869,9.75496582e-03,6.74640555e-03,0.800819
13.4569,13,716.3232,108.12,156.26,18.5626,22.4341,0.998630,0.997877,9.68535023e-03,6.69826100e-03,0.800819
13.5050,14,768.6777,116.42,168.25,18.5616,22.4325,0.998407,0.997531,1.11534018e-02,7.71352852e-03,0.800819
13.5531,14,765.9499,116.42,168.25,18.5616,22.4326,0.998413,0.997540,1.10743688e-02,7.65887139e-03,0.800819
13.6012,14,763.2413,116.42,168.25,18.5617,22.4326,0.998418,0.997549,1.09961722e-02,7.60479274e-03,0.800819
13.6493,14,760.5519,116.42,168.25,18.5617,22.4327,0.998424,0.997558,1.09188010e-02,7.55128474e-03,0.800819
13.6974,14,757.8813,116.42,168.25,18.5617,22.4327,0.998430,0.997566,1.08422437e-02,7.49833971e-03,0.800819
13.7455,14,755.2295,116.42,168.25,18.5617,22.4327,0.998435,0.997575,1.07664888e-02,7.44594952e-03,0.800819
13.7936,14,752.5961,116.42,168.25,18.5618,22.4328,0.998440,0.997583,1.06915252e-02,7.39410671e-03,0.800819
13.8417,14,749.9810,116.42,168.26,18.5618,22.4328,0.998446,0.997591,1.06173419e-02,7.34280342e-03,0.800819
13.8898,14,747.3841,116.42,168.26,18.5618,22.4328,0.998451,0.997600,1.05439275e-02,7.29203187e-03,0.800819
13.9379,14,744.8050,116.42,168.26,18.5618,22.4329,0.998457,0.997608,1.04712716e-02,7.24178496e-03,0.800819
13.9860,14,742.2437,116.42,168.26,18.5619,22.4329,0.998462,0.997616,1.03993651e-02,7.19205618e-03,0.800819
14.0341,14,739.7000,116.42,168.26,18.5619,22.4330,0.998467,0.997625,1.03281965e-02,7.14283782e-03,0.800819
14.0822,14,737.1736,116.42,168.26,18.5619,22.4330,0.998472,0.997633,1.02577555e-02,7.09412254e-03,0.800819
14.1303,14,734.6644,116.42,168.26,18.5619,22.4330,0.998478,0.997641,1.01880330e-02,7.04590409e-03,0.800819
14.1784,14,732.1723,116.42,168.26,18.5620,22.4331,0.998483,0.997649,1.01190186e-02,6.99817562e-03,0.800819
14.2265,14,729.6970,116.42,168.26,18.5620,22.4331,0.998488,0.997657,1.00507036e-02,6.95093062e-03,0.800819
14.2745,14,727.2384,116.42,168.26,18.5620,22.4331,0.998493,0.997665,9.98307779e-03,6.90416233e-03,0.800819
14.3226,14,724.7963,116.42,168.26,18.5620,22.4332,0.998498,0.997672,9.91613287e-03,6.85786470e-03,0.800819
14.3707,14,722.3705,116.42,168.26,18.5621,22.4332,0.998503,0.997680,9.84985804e-03,6.81203080e-03,0.800819
14.4188,14,719.9609,116.42,168.27,18.5621,22.4333,0.998508,0.997688,9.78424581e-03,6.76665480e-03,0.800819
14.4669,14,717.5674,116.43,168.27,18.5621,22.4333,0.998513,0.997696,9.71928715e-03,6.72173109e-03,0.800819
14.5150,15,766.2747,124.72,180.25,18.5611,22.4318,0.998290,0.997350,1.10840790e-02,7.66558675e-03,0.800819
14.5631,15,763.7440,124.72,180.25,18.5611,22.4318,0.998296,0.997359,1.10109743e-02,7.61502949e-03,0.800819
14.6112,15,761.2299,124.72,180.25,18.5612,22.4318,0.998301,0.997367,1.09385902e-02,7.56497055e-03,0.800819
14.6593,15,758.7324,124.73,180.25,18.5612,22.4319,0.998307,0.997376,1.08669170e-02,7.51540323e-03,0.800819
14.7074,15,756.2512,124.73,180.25,18.5612,22.4319,0.998312,0.997385,1.07959467e-02,7.46632200e-03,0.800819
14.7555,15,753.7862,124.73,180.25,18.5612,22.4320,0.998318,0.997393,1.07256693e-02,7.41771991e-03,0.800819
14.8036,15,751.3371,124.73,180.25,18.5613,22.4320,0.998323,0.997402,1.06560756e-02,7.36959073e-03,0.800819
14.8517,15,748.9040,124.73,180.25,18.5613,22.4320,0.998329,0.997410,1.05871572e-02,7.32192843e-03,0.800819
14.8998,15,746.4866,124.73,180.26,18.5613,22.4321,0.998334,0.997418,1.05189050e-02,7.27472700e-03,0.800819
14.9479,15,744.0847,124.73,180.26,18.5613,22.4321,0.998339,0.997427,1.04513111e-02,7.22798062e-03,0.800819
14.9960,15,741.6982,124.73,180.26,18.5614,22.4321,0.998345,0.997435,1.03843662e-02,7.18168332e-03,0.800819
15.0441,15,739.3270,124.73,180.26,18.5614,22.4322,0.998350,0.997443,1.03180628e-02,7.13582950e-03,0.800819
15.0922,15,736.9709,124.73,180.26,18.5614,22.4322,0.998355,0.997451,1.02523925e-02,7.09041360e-03,0.800819
15.1403,15,734.6297,124.73,180.26,18.5614,22.4323,0.998361,0.997459,1.01873471e-02,7.04542983e-03,0.800819
15.1884,15,732.3034,124.73,180.26,18.5615,22.4323,0.998366,0.997467,1.01229181e-02,7.00087232e-03,0.800819
15.2365,15,729.9918,124.73,180.26,18.5615,22.4323,0.998371,0.997475,1.00590995e-02,6.95673696e-03,0.800819
15.2846,15,727.6947,124.73,180.26,18.5615,22.4324,0.998376,0.997483,9.99588149e-03,6.91301708e-03,0.800819
15.3327,15,725.4120,124.73,180.26,18.5615,22.4324,0.998381,0.997491,9.93325807e-03,6.86970813e-03,0.800819
15.3808,15,723.1436,124.73,180.26,18.5616,22.4324,0.998386,0.997499,9.87122159e-03,6.82680519e-03,0.800819
15.4289,15,720.8894,124.73,180.27,18.5616,22.4325,0.998391,0.997507,9.80976391e-03,6.78430247e-03,0.800819
15.4770,15,718.6492,124.73,180.27,18.5616,22.4325,0.998396,0.997515,9.74887878e-03,6.74219584e-03,0.800819
15.5251,16,764.1843,133.03,192.24,18.5606,22.4310,0.998173,0.997168,1.10239896e-02,7.62403053e-03,0.800819
15.5731,16,761.8242,133.03,192.25,18.5607,22.4310,0.998178,0.997177,1.09559883e-02,7.57700258e-03,0.800819
15.6212,16,759.4786,133.03,192.25,18.5607,22.4311,0.998184,0.997186,1.08886139e-02,7.53040833e-03,0.800819
15.6693,16,757.1475,133.03,192.25,18.5607,22.4311,0.998190,0.997195,1.08218593e-02,7.48424248e-03,0.800819
15.7174,16,754.8305,133.03,192.25,18.5607,22.4311,0.998195,0.997203,1.07557174e-02,7.43850043e-03,0.800819
15.7655,16,752.5278,133.03,192.25,18.5608,22.4312,0.998201,0.997212,1.06901799e-02,7.39317629e-03,0.800819
15.8136,16,750.2390,133.03,192.25,18.5608,22.4312,0.998206,0.997220,1.06252392e-02,7.34826500e-03,0.800819
15.8617,16,747.9641,133.03,192.25,18.5608,22.4313,0.998212,0.997228,1.05608886e-02,7.30376181e-03,0.800819
15.9098,16,745.7030,133.03,192.25,18.5608,22.4313,0.998217,0.997237,1.04971203e-02,7.25966129e-03,0.800819
15.9579,16,743.4555,133.03,192.25,18.5609,22.4313,0.998222,0.997245,1.04339282e-02,7.21595918e-03,0.800819
16.0060,16,741.2215,133.03,192.25,18.5609,22.4314,0.998228,0.997254,1.03713048e-02,7.17265042e-03,0.800819
16.0541,16,739.0009,133.03,192.26,18.5609,22.4314,0.998233,0.997262,1.03092439e-02,7.12973057e-03,0.800819
16.1022,16,736.7935,133.03,192.26,18.5609,22.4314,0.998238,0.997270,1.02477383e-02,7.08719487e-03,0.800819
16.1503,16,734.5993,133.04,192.26,18.5609,22.4315,0.998244,0.997278,1.01867815e-02,7.04503871e-03,0.800819
16.1984,16,732.4182,133.04,192.26,18.5610,22.4315,0.998249,0.997286,1.01263671e-02,7.00325771e-03,0.800819
16.2465,16,730.2499,133.04,192.26,18.5610,22.4316,0.998254,0.997294,1.00664881e-02,6.96184693e-03,0.800819
16.2946,16,728.0945,133.04,192.26,18.5610,22.4316,0.998259,0.997302,1.00071392e-02,6.92080245e-03,0.800819
16.3427,16,725.9517,133.04,192.26,18.5610,22.4316,0.998264,0.997310,9.94831271e-03,6.88011957e-03,0.800819
16.3908,16,723.8215,133.04,192.26,18.5611,22.4317,0.998269,0.997318,9.89000435e-03,6.83979497e-03,0.800819
16.4389,16,721.7038,133.04,192.26,18.5611,22.4317,0.998274,0.997326,9.83220660e-03,6.79982347e-03,0.800819
16.4870,16,719.5984,133.04,192.26,18.5611,22.4317,0.998279,0.997334,9.77491498e-03,6.76020178e-03,0.800819
16.5351,17,762.3494,141.33,204.24,18.5601,22.4302,0.998056,0.996987,1.09714108e-02,7.58766827e-03,0.800819
16.5832,17,760.1383,141.33,204.24,18.5602,22.4302,0.998061,0.996996,1.09078491e-02,7.54371084e-03,0.800819
16.6313,17,757.9401,141.33,204.24,18.5602,22.4303,0.998067,0.997004,1.08448379e-02,7.50013376e-03,0.800819
16.6794,17,755.7545,141.33,204.24,18.5602,22.4303,0.998072,0.997013,1.07823713e-02,7.45693361e-03,0.800819
16.7275,17,753.5815,141.34,204.24,18.5602,22.4304,0.998078,0.997022,1.07204429e-02,7.41410547e-03,0.800819
16.7756,17,751.4209,141.34,204.24,18.5603,22.4304,0.998084,0.997030,1.06590464e-02,7.37164514e-03,0.800819
16.8236,17,749.2727,141.34,204.24,18.5603,22.4304,0.998089,0.997039,1.05981761e-02,7.32954903e-03,0.800819
16.8717,17,747.1368,141.34,204.25,18.5603,22.4305,0.998094,0.997047,1.05378251e-02,7.28781168e-03,0.800819
16.9198,17,745.0130,141.34,204.25,18.5603,22.4305,0.998100,0.997055,1.04779885e-02,7.24643021e-03,0.800819
16.9679,17,742.9012,141.34,204.25,18.5604,22.4306,0.998105,0.997064,1.04186602e-02,7.20540030e-03,0.800819
17.0160,17,740.8014,141.34,204.25,18.5604,22.4306,0.998111,0.997072,1.03598342e-02,7.16471768e-03,0.800819
17.0641,17,738.7134,141.34,204.25,18.5604,22.4306,0.998116,0.997080,1.03015051e-02,7.12437865e-03,0.800819
17.1122,17,736.6371,141.34,204.25,18.5604,22.4307,0.998121,0.997088,1.02436678e-02,7.08437987e-03,0.800819
17.1603,17,734.5725,141.34,204.25,18.5605,22.4307,0.998127,0.997097,1.01863155e-02,7.04471641e-03,0.800819
17.2084,17,732.5194,141.34,204.25,18.5605,22.4307,0.998132,0.997105,1.01294432e-02,7.00538498e-03,0.800819
17.2565,17,730.4778,141.34,204.25,18.5605,22.4308,0.998137,0.997113,1.00730469e-02,6.96638274e-03,0.800819
17.3046,17,728.4475,141.34,204.26,18.5605,22.4308,0.998142,0.997121,1.00171193e-02,6.92770463e-03,0.800819
17.3527,17,726.4285,141.34,204.26,18.5605,22.4308,0.998147,0.997129,9.96165680e-03,6.88934788e-03,0.800819
17.4008,17,724.4206,141.34,204.26,18.5606,22.4309,0.998152,0.997137,9.90665352e-03,6.85130911e-03,0.800819
17.4489,17,722.4239,141.34,204.26,18.5606,22.4309,0.998158,0.997145,9.85210463e-03,6.81358449e-03,0.800819
17.4970,17,720.4380,141.34,204.26,18.5606,22.4310,0.998163,0.997153,9.79800485e-03,6.77617024e-03,0.800819
17.5451,18,760.7256,149.64,216.23,18.5596,22.4294,0.997939,0.996805,1.09250232e-02,7.55558794e-03,0.800819
17.5932,18,758.6460,149.64,216.23,18.5597,22.4295,0.997944,0.996814,1.08653582e-02,7.51432519e-03,0.800819
17.6413,18,756.5776,149.64,216.23,18.5597,22.4295,0.997950,0.996823,1.08061805e-02,7.47339931e-03,0.800819
17.6894,18,754.5206,149.64,216.23,18.5597,22.4295,0.997955,0.996831,1.07474852e-02,7.43280708e-03,0.800819
17.7375,18,752.4746,149.64,216.23,18.5597,22.4296,0.997961,0.996840,1.06892662e-02,7.39254442e-03,0.800819
17.7856,18,750.4398,149.64,216.24,18.5598,22.4296,0.997966,0.996849,1.06315194e-02,7.35260822e-03,0.800819
17.8337,18,748.4159,149.64,216.24,18.5598,22.4297,0.997972,0.996857,1.05742390e-02,7.31299461e-03,0.800819
17.8818,18,746.4029,149.64,216.24,18.5598,22.4297,0.997977,0.996866,1.05174208e-02,7.27370060e-03,0.800819
17.9299,18,744.4007,149.64,216.24,18.5598,22.4297,0.997983,0.996874,1.04610583e-02,7.23472176e-03,0.800819
17.9780,18,742.4092,149.64,216.24,18.5599,22.4298,0.997988,0.996882,1.04051489e-02,7.19605609e-03,0.800819
18.0261,18,740.4283,149.64,216.24,18.5599,22.4298,0.997994,0.996891,1.03496862e-02,7.15769962e-03,0.800819
18.0741,18,738.4580,149.64,216.24,18.5599,22.4299,0.997999,0.996899,1.02946653e-02,7.11964851e-03,0.800819
18.1222,18,736.4982,149.64,216.24,18.5599,22.4299,0.998004,0.996907,1.02400822e-02,7.08190021e-03,0.800819
18.1703,18,734.5487,149.64,216.24,18.5600,22.4299,0.998009,0.996915,1.01859316e-02,7.04445099e-03,0.800819
18.2184,18,732.6095,149.64,216.25,18.5600,22.4300,0.998015,0.996924,1.01322099e-02,7.00729833e-03,0.800819
18.2665,18,730.6805,149.64,216.25,18.5600,22.4300,0.998020,0.996932,1.00789120e-02,6.97043887e-03,0.800819
18.3146,18,728.7617,149.64,216.25,18.5600,22.4300,0.998025,0.996940,1.00260332e-02,6.93386912e-03,0.800819
18.3627,18,726.8529,149.65,216.25,18.5601,22.4301,0.998030,0.996948,9.97357032e-03,6.89758713e-03,0.800819
18.4108,18,724.9541,149.65,216.25,18.5601,22.4301,0.998036,0.996956,9.92151764e-03,6.86158873e-03,0.800819
18.4589,18,723.0651,149.65,216.25,18.5601,22.4301,0.998041,0.996964,9.86987102e-03,6.82587121e-03,0.800819
18.5070,19,761.2519,157.94,228.22,18.5591,22.4286,0.997816,0.996615,1.09404568e-02,7.56626145e-03,0.800819
18.5551,19,759.2787,157.94,228.22,18.5591,22.4287,0.997822,0.996624,1.08837997e-02,7.52707877e-03,0.800819
18.6032,19,757.3157,157.94,228.22,18.5592,22.4287,0.997827,0.996633,1.08275826e-02,7.48820050e-03,0.800819
18.6513,19,755.3628,157.94,228.22,18.5592,22.4287,0.997833,0.996641,1.07717987e-02,7.44962179e-03,0.800819
18.6994,19,753.4199,157.94,228.22,18.5592,22.4288,0.997838,0.996650,1.07164455e-02,7.41134099e-03,0.800819
18.7475,19,751.4871,157.94,228.22,18.5592,22.4288,0.997844,0.996659,1.06615173e-02,7.37335410e-03,0.800819
18.7956,19,749.5641,157.94,228.23,18.5593,22.4288,0.997849,0.996667,1.06070111e-02,7.33565893e-03,0.800819
18.8437,19,747.6509,157.94,228.23,18.5593,22.4289,0.997855,0.996676,1.05529214e-02,7.29825176e-03,0.800819
18.8918,19,745.7475,157.94,228.23,18.5593,22.4289,0.997860,0.996684,1.04992442e-02,7.26113009e-03,0.800819
18.9399,19,743.8537,157.94,228.23,18.5593,22.4290,0.997866,0.996693,1.04459756e-02,7.22429088e-03,0.800819
18.9880,19,741.9696,157.94,228.23,18.5594,22.4290,0.997871,0.996701,1.03931115e-02,7.18773138e-03,0.800819
19.0361,19,740.0949,157.94,228.23,18.5594,22.4290,0.997877,0.996709,1.03406477e-02,7.15144868e-03,0.800819
19.0842,19,738.2297,157.94,228.23,18.5594,22.4291,0.997882,0.996718,1.02885801e-02,7.11544011e-03,0.800819
19.1323,19,736.3739,157.94,228.23,18.5594,22.4291,0.997887,0.996726,1.02369047e-02,7.07970254e-03,0.800819
19.1804,19,734.5274,157.95,228.23,18.5595,22.4291,0.997892,0.996734,1.01856179e-02,7.04423396e-03,0.800819
19.2285,19,732.6901,157.95,228.24,18.5595,22.4292,0.997898,0.996742,1.01347152e-02,7.00903082e-03,0.800819
19.2766,19,730.8620,157.95,228.24,18.5595,22.4292,0.997903,0.996750,1.00841932e-02,6.97409110e-03,0.800819
19.3246,19,729.0430,157.95,228.24,18.5595,22.4293,0.997908,0.996758,1.00340478e-02,6.93941182e-03,0.800819
19.3727,19,727.2330,157.95,228.24,18.5596,22.4293,0.997913,0.996766,9.98427607e-03,6.90499089e-03,0.800819
19.4208,19,725.4320,157.95,228.24,18.5596,22.4293,0.997919,0.996774,9.93487340e-03,6.87082527e-03,0.800819
19.4689,19,723.6399,157.95,228.24,18.5596,22.4294,0.997924,0.996782,9.88583689e-03,6.83691281e-03,0.800819
19.5170,20,759.8491,166.24,240.20,18.5586,22.4278,0.997699,0.996434,1.09004686e-02,7.53860661e-03,0.800819
19.5651,20,757.9812,166.24,240.21,18.5587,22.4279,0.997704,0.996442,1.08469286e-02,7.50157966e-03,0.800819
19.6132,20,756.1224,166.24,240.21,18.5587,22.4279,0.997710,0.996451,1.07937826e-02,7.46482539e-03,0.800819
19.6613,20,754.2728,166.24,240.21,18.5587,22.4280,0.997716,0.996460,1.07410256e-02,7.42834008e-03,0.800819
19.7094,20,752.4321,166.24,240.21,18.5587,22.4280,0.997721,0.996468,1.06886547e-02,7.39212154e-03,0.800819
19.7575,20,750.6005,166.24,240.21,18.5588,22.4280,0.997727,0.996477,1.06366658e-02,7.35616734e-03,0.800819
19.8056,20,748.7777,166.24,240.21,18.5588,22.4281,0.997732,0.996486,1.05850552e-02,7.32047471e-03,0.800819
19.8537,20,746.9638,166.24,240.21,18.5588,22.4281,0.997738,0.996494,1.05338196e-02,7.28504158e-03,0.800819
19.9018,20,745.1586,166.24,240.21,18.5588,22.4281,0.997743,0.996503,1.04829551e-02,7.24986489e-03,0.800819
19.9499,20,743.3621,166.24,240.22,18.5589,22.4282,0.997749,0.996511,1.04324577e-02,7.21494226e-03,0.800819
19.9980,20,741.5743,166.24,240.22,18.5589,22.4282,0.997754,0.996520,1.03823242e-02,7.18027111e-03,0.800819
20.0461,20,739.7951,166.24,240.22,18.5589,22.4283,0.997759,0.996528,1.03325523e-02,7.14585020e-03,0.800819
20.0942,20,738.0243,166.24,240.22,18.5589,22.4283,0.997765,0.996536,1.02831364e-02,7.11167522e-03,0.800819
20.1423,20,736.2621,166.25,240.22,18.5589,22.4283,0.997770,0.996544,1.02340743e-02,7.07774526e-03,0.800819
20.1904,20,734.5082,166.25,240.22,18.5590,22.4284,0.997775,0.996553,1.01853633e-02,7.04405799e-03,0.800819
20.2385,20,732.7626,166.25,240.22,18.5590,22.4284,0.997781,0.996561,1.01369981e-02,7.01060974e-03,0.800819
20.2866,20,731.0254,166.25,240.22,18.5590,22.4284,0.997786,0.996569,1.00889773e-02,6.97739981e-03,0.800819
20.3347,20,729.2963,166.25,240.23,18.5590,22.4285,0.997791,0.996577,1.00412965e-02,6.94442479e-03,0.800819
20.3828,20,727.5755,166.25,240.23,18.5591,22.4285,0.997796,0.996585,9.99395340e-03,6.91168361e-03,0.800819
20.4309,20,725.8627,166.25,240.23,18.5591,22.4286,0.997802,0.996593,9.94694441e-03,6.87917326e-03,0.800819
20.4790,20,724.1579,166.25,240.23,18.5591,22.4286,0.997807,0.996601,9.90026568e-03,6.84689133e-03,0.800819
20.5271,21,758.5843,174.54,252.19,18.5581,22.4271,0.997582,0.996252,1.08645067e-02,7.51373639e-03,0.800819
20.5752,21,756.8110,174.54,252.19,18.5582,22.4271,0.997587,0.996261,1.08137585e-02,7.47864009e-03,0.800819
20.6232,21,755.0460,174.54,252.19,18.5582,22.4271,0.997593,0.996270,1.07633663e-02,7.44379027e-03,0.800819
20.6713,21,753.2892,174.54,252.19,18.5582,22.4272,0.997599,0.996278,1.07133247e-02,7.40918263e-03,0.800819
20.7194,21,751.5406,174.54,252.19,18.5582,22.4272,0.997604,0.996287,1.06636322e-02,7.37481660e-03,0.800819
20.7675,21,749.8001,174.54,252.19,18.5583,22.4273,0.997610,0.996296,1.06142838e-02,7.34068871e-03,0.800819
20.8156,21,748.0676,174.54,252.20,18.5583,22.4273,0.997615,0.996304,1.05652771e-02,7.30679674e-03,0.800819
20.8637,21,746.3431,174.54,252.20,18.5583,22.4273,0.997621,0.996313,1.05166093e-02,7.27313943e-03,0.800819
20.9118,21,744.6266,174.54,252.20,18.5583,22.4274,0.997626,0.996321,1.04682772e-02,7.23971415e-03,0.800819
20.9599,21,742.9179,174.54,252.20,18.5584,22.4274,0.997632,0.996330,1.04202771e-02,7.20651842e-03,0.800819
21.0080,21,741.2171,174.54,252.20,18.5584,22.4274,0.997637,0.996338,1.03726069e-02,7.17355087e-03,0.800819
21.0561,21,739.5240,174.54,252.20,18.5584,22.4275,0.997642,0.996346,1.03252623e-02,7.14080850e-03,0.800819
21.1042,21,737.8386,174.54,252.20,18.5584,22.4275,0.997648,0.996355,1.02782416e-02,7.10829015e-03,0.800819
21.1523,21,736.1609,174.55,252.21,18.5585,22.4276,0.997653,0.996363,1.02315415e-02,7.07599361e-03,0.800819
21.2004,21,734.4908,174.55,252.21,18.5585,22.4276,0.997658,0.996371,1.01851589e-02,7.04391648e-03,0.800819
21.2485,21,732.8283,174.55,252.21,18.5585,22.4276,0.997664,0.996380,1.01390909e-02,7.01205708e-03,0.800819
21.2966,21,731.1733,174.55,252.21,18.5585,22.4277,0.997669,0.996388,1.00933348e-02,6.98041340e-03,0.800819
21.3447,21,729.5257,174.55,252.21,18.5585,22.4277,0.997674,0.996396,1.00478871e-02,6.94898274e-03,0.800819
21.3928,21,727.8856,174.55,252.21,18.5586,22.4277,0.997679,0.996404,1.00027467e-02,6.91776485e-03,0.800819
21.4409,21,726.2528,174.55,252.21,18.5586,22.4278,0.997685,0.996412,9.95790901e-03,6.88675607e-03,0.800819
21.4890,21,724.6273,174.55,252.21,18.5586,22.4278,0.997690,0.996420,9.91337246e-03,6.85595585e-03,0.800819
21.5371,22,757.4381,182.84,264.17,18.5576,22.4263,0.997465,0.996071,1.08319951e-02,7.49125206e-03,0.800819
21.5852,22,755.7503,182.84,264.17,18.5577,22.4263,0.997470,0.996080,1.07837641e-02,7.45789668e-03,0.800819
21.6333,22,754.0701,182.84,264.17,18.5577,22.4264,0.997476,0.996088,1.07358540e-02,7.42476341e-03,0.800819
21.6814,22,752.3974,182.84,264.17,18.5577,22.4264,0.997481,0.996097,1.06882626e-02,7.39185038e-03,0.800819
21.7295,22,750.7320,182.84,264.18,18.5577,22.4264,0.997487,0.996106,1.06409872e-02,7.35915593e-03,0.800819
21.7776,22,749.0740,182.84,264.18,18.5578,22.4265,0.997493,0.996114,1.05940242e-02,7.32667765e-03,0.800819
21.8257,22,747.4233,182.84,264.18,18.5578,22.4265,0.997498,0.996123,1.05473718e-02,7.29441392e-03,0.800819
21.8737,22,745.7798,182.84,264.18,18.5578,22.4266,0.997504,0.996131,1.05010265e-02,7.26236265e-03,0.800819
21.9218,22,744.1436,182.84,264.18,18.5578,22.4266,0.997509,0.996140,1.04549864e-02,7.23052254e-03,0.800819
21.9699,22,742.5145,182.84,264.18,18.5579,22.4266,0.997515,0.996148,1.04092484e-02,7.19889134e-03,0.800819
22.0180,22,740.8926,182.84,264.18,18.5579,22.4267,0.997520,0.996157,1.03638098e-02,7.16746702e-03,0.800819
22.0661,22,739.2777,182.84,264.18,18.5579,22.4267,0.997525,0.996165,1.03186679e-02,7.13624818e-03,0.800819
22.1142,22,737.6699,182.84,264.19,18.5579,22.4267,0.997531,0.996173,1.02738207e-02,7.10523298e-03,0.800819
22.1623,22,736.0690,182.84,264.19,18.5580,22.4268,0.997536,0.996182,1.02292644e-02,7.07441886e-03,0.800819
22.2104,22,734.4751,182.84,264.19,18.5580,22.4268,0.997541,0.996190,1.01849987e-02,7.04380576e-03,0.800819
22.2585,22,732.8880,182.84,264.19,18.5580,22.4269,0.997547,0.996198,1.01410185e-02,7.01339012e-03,0.800819
22.3066,22,731.3078,182.85,264.19,18.5580,22.4269,0.997552,0.996206,1.00973230e-02,6.98317141e-03,0.800819
22.3547,22,729.7344,182.85,264.19,18.5581,22.4269,0.997557,0.996215,1.00539094e-02,6.95314774e-03,0.800819
22.4028,22,728.1677,182.85,264.19,18.5581,22.4270,0.997563,0.996223,1.00107751e-02,6.92331706e-03,0.800819
22.4509,22,726.6078,182.85,264.20,18.5581,22.4270,0.997568,0.996231,9.96791777e-03,6.89367790e-03,0.800819
22.4990,22,725.0545,182.85,264.20,18.5581,22.4270,0.997573,0.996239,9.92533559e-03,6.86422924e-03,0.800819
22.5471,23,756.3946,191.13,276.15,18.5572,22.4255,0.997348,0.995889,1.08024653e-02,7.47083006e-03,0.800819
22.5952,23,754.7845,191.13,276.15,18.5572,22.4255,0.997353,0.995898,1.07565126e-02,7.43905027e-03,0.800819
22.6433,23,753.1813,191.13,276.15,18.5572,22.4256,0.997359,0.995907,1.07108521e-02,7.40747269e-03,0.800819
22.6914,23,751.5849,191.13,276.15,18.5572,22.4256,0.997364,0.995916,1.06654821e-02,7.37609588e-03,0.800819
22.7395,23,749.9952,191.14,276.15,18.5573,22.4257,0.997370,0.995924,1.06203997e-02,7.34491816e-03,0.800819
22.7876,23,748.4122,191.14,276.16,18.5573,22.4257,0.997376,0.995933,1.05756026e-02,7.31393755e-03,0.800819
22.8357,23,746.8359,191.14,276.16,18.5573,22.4257,0.997381,0.995941,1.05310886e-02,7.28315295e-03,0.800819
22.8838,23,745.2663,191.14,276.16,18.5573,22.4258,0.997387,0.995950,1.04868543e-02,7.25256149e-03,0.800819
22.9319,23,743.7032,191.14,276.16,18.5573,22.4258,0.997392,0.995958,1.04428988e-02,7.22216311e-03,0.800819
22.9800,23,742.1466,191.14,276.16,18.5574,22.4259,0.997397,0.995967,1.03992188e-02,7.19195501e-03,0.800819
23.0281,23,740.5966,191.14,276.16,18.5574,22.4259,0.997403,0.995975,1.03558124e-02,7.16193635e-03,0.800819
23.0762,23,739.0530,191.14,276.16,18.5574,22.4259,0.997408,0.995984,1.03126766e-02,7.13210460e-03,0.800819
23.1242,23,737.5159,191.14,276.17,18.5574,22.4260,0.997414,0.995992,1.02698108e-02,7.10245964e-03,0.800819
23.1723,23,735.9851,191.14,276.17,18.5575,22.4260,0.997419,0.996000,1.02272115e-02,7.07299915e-03,0.800819
23.2204,23,734.4606,191.14,276.17,18.5575,22.4260,0.997424,0.996009,1.01848763e-02,7.04372118e-03,0.800819
23.2685,23,732.9425,191.14,276.17,18.5575,22.4261,0.997430,0.996017,1.01428030e-02,7.01462428e-03,0.800819
23.3166,23,731.4306,191.14,276.17,18.5575,22.4261,0.997435,0.996025,1.01009905e-02,6.98570779e-03,0.800819
23.3647,23,729.9250,191.14,276.17,18.5576,22.4262,0.997440,0.996033,1.00594362e-02,6.95696994e-03,0.800819
23.4128,23,728.4255,191.14,276.17,18.5576,22.4262,0.997446,0.996041,1.00181375e-02,6.92840871e-03,0.800819
23.4609,23,726.9322,191.14,276.18,18.5576,22.4262,0.997451,0.996050,9.97709256e-03,6.90002296e-03,0.800819
23.5090,24,756.9861,199.43,288.12,18.5566,22.4247,0.997225,0.995699,1.08196761e-02,7.48273256e-03,0.800819
23.5571,24,755.4406,199.43,288.13,18.5567,22.4247,0.997230,0.995708,1.07755270e-02,7.45220016e-03,0.800819
23.6052,24,753.9013,199.43,288.13,18.5567,22.4248,0.997236,0.995717,1.07316473e-02,7.42185413e-03,0.800819
23.6533,24,752.3684,199.43,288.13,18.5567,22.4248,0.997242,0.995725,1.06880353e-02,7.39169320e-03,0.800819
23.7014,24,750.8416,199.43,288.13,18.5567,22.4248,0.997247,0.995734,1.06446889e-02,7.36171596e-03,0.800819
23.7495,24,749.3211,199.43,288.13,18.5568,22.4249,0.997253,0.995743,1.06016056e-02,7.33192069e-03,0.800819
23.7976,24,747.8067,199.43,288.13,18.5568,22.4249,0.997258,0.995751,1.05587825e-02,7.30230530e-03,0.800819
23.8457,24,746.2983,199.43,288.13,18.5568,22.4250,0.997264,0.995760,1.05162193e-02,7.27286967e-03,0.800819
23.8938,24,744.7961,199.43,288.14,18.5568,22.4250,0.997270,0.995768,1.04739123e-02,7.24361120e-03,0.800819
23.9419,24,743.2999,199.43,288.14,18.5569,22.4250,0.997275,0.995777,1.04318609e-02,7.21452965e-03,0.800819
23.9900,24,741.8097,199.43,288.14,18.5569,22.4251,0.997280,0.995785,1.03900614e-02,7.18562194e-03,0.800819
24.0381,24,740.3255,199.44,288.14,18.5569,22.4251,0.997286,0.995794,1.03485131e-02,7.15688825e-03,0.800819
24.0862,24,738.8472,199.44,288.14,18.5569,22.4252,0.997291,0.995802,1.03072140e-02,7.12832692e-03,0.800819
24.1343,24,737.3747,199.44,288.14,18.5569,22.4252,0.997297,0.995811,1.02661607e-02,7.09993539e-03,0.800819
24.1824,24,735.9082,199.44,288.14,18.5570,22.4252,0.997302,0.995819,1.02253524e-02,7.07171337e-03,0.800819
24.2305,24,734.4474,199.44,288.15,18.5570,22.4253,0.997307,0.995827,1.01847870e-02,7.04365938e-03,0.800819
24.2786,24,732.9925,199.44,288.15,18.5570,22.4253,0.997313,0.995835,1.01444630e-02,7.01577232e-03,0.800819
24.3267,24,731.5433,199.44,288.15,18.5570,22.4253,0.997318,0.995844,1.01043773e-02,6.98805011e-03,0.800819
24.3747,24,730.0998,199.44,288.15,18.5571,22.4254,0.997323,0.995852,1.00645289e-02,6.96049183e-03,0.800819
24.4228,24,728.6620,199.44,288.15,18.5571,22.4254,0.997329,0.995860,1.00249160e-02,6.93309657e-03,0.800819
24.4709,24,727.2299,199.44,288.15,18.5571,22.4254,0.997334,0.995868,9.98553652e-03,6.90586266e-03,0.800819
24.5190,25,756.0452,207.72,300.10,18.5561,22.4239,0.997108,0.995518,1.07930888e-02,7.46434552e-03,0.800819
24.5671,25,754.5650,207.72,300.10,18.5562,22.4240,0.997113,0.995527,1.07508563e-02,7.43513848e-03,0.800819
24.6152,25,753.0907,207.72,300.10,18.5562,22.4240,0.997119,0.995535,1.07088715e-02,7.40610295e-03,0.800819
24.6633,25,751.6220,207.72,300.10,18.5562,22.4240,0.997125,0.995544,1.06671321e-02,7.37723714e-03,0.800819
24.7114,25,750.1592,207.72,300.10,18.5562,22.4241,0.997130,0.995553,1.06256362e-02,7.34853966e-03,0.800819
24.7595,25,748.7019,207.73,300.11,18.5563,22.4241,0.997136,0.995561,1.05843819e-02,7.32000921e-03,0.800819
24.8076,25,747.2504,207.73,300.11,18.5563,22.4241,0.997141,0.995570,1.05433673e-02,7.29164456e-03,0.800819
24.8557,25,745.8044,207.73,300.11,18.5563,22.4242,0.997147,0.995579,1.05025908e-02,7.26344454e-03,0.800819
24.9038,25,744.3641,207.73,300.11,18.5563,22.4242,0.997152,0.995587,1.04620506e-02,7.23540801e-03,0.800819
24.9519,25,742.9293,207.73,300.11,18.5564,22.4243,0.997158,0.995596,1.04217442e-02,7.20753308e-03,0.800819
25.0000,25,741.5000,207.73,300.11,18.5564,22.4243,0.997163,0.995604,1.03816702e-02,7.17981892e-03,0.800819
